2026-05-03 22:51:10 [INFO] CSC is loading...   Success！
2026-05-03 22:53:04 [INFO]    _____  _____  _____ 
2026-05-03 22:53:04 [INFO]   / ____|/ ____|/ ____|
2026-05-03 22:53:04 [INFO]  | |    | (___ | |        [CSC] Version: v1.21.22
2026-05-03 22:53:04 [INFO]  | |     \___ \| |        Minecraft Version: 1.21.1 neoforge
2026-05-03 22:53:04 [INFO]  | |____ ____) | |____    Problem/Feedback: Discord: https://discord.gg/rQV5JPauY7
2026-05-03 22:53:04 [INFO]   \_____|_____/ \_____|
2026-05-03 22:53:04 [INFO]                        
2026-05-03 23:08:59 [INFO] CSC is loading...   Success！
2026-05-03 23:09:57 [INFO]    _____  _____  _____ 
2026-05-03 23:09:57 [INFO]   / ____|/ ____|/ ____|
2026-05-03 23:09:57 [INFO]  | |    | (___ | |        [CSC] Version: v1.21.22
2026-05-03 23:09:57 [INFO]  | |     \___ \| |        Minecraft Version: 1.21.1 neoforge
2026-05-03 23:09:57 [INFO]  | |____ ____) | |____    Problem/Feedback: Discord: https://discord.gg/rQV5JPauY7
2026-05-03 23:09:57 [INFO]   \_____|_____/ \_____|
2026-05-03 23:09:57 [INFO]                        
2026-05-03 23:43:56 [INFO] CSC is loading...   Success！
2026-05-03 23:46:47 [INFO]    _____  _____  _____ 
2026-05-03 23:46:47 [INFO]   / ____|/ ____|/ ____|
2026-05-03 23:46:47 [INFO]  | |    | (___ | |        [CSC] Version: v1.21.22
2026-05-03 23:46:47 [INFO]  | |     \___ \| |        Minecraft Version: 1.21.1 neoforge
2026-05-03 23:46:47 [INFO]  | |____ ____) | |____    Problem/Feedback: Discord: https://discord.gg/rQV5JPauY7
2026-05-03 23:46:47 [INFO]   \_____|_____/ \_____|
2026-05-03 23:46:47 [INFO]                        
2026-05-03 23:51:01 [INFO] CSC close completely, thanks for using!
2026-05-04 22:46:36 [INFO] CSC is loading...   Success！
2026-05-04 22:48:41 [INFO]    _____  _____  _____ 
2026-05-04 22:48:41 [INFO]   / ____|/ ____|/ ____|
2026-05-04 22:48:41 [INFO]  | |    | (___ | |        [CSC] Version: v1.21.22
2026-05-04 22:48:41 [INFO]  | |     \___ \| |        Minecraft Version: 1.21.1 neoforge
2026-05-04 22:48:41 [INFO]  | |____ ____) | |____    Problem/Feedback: Discord: https://discord.gg/rQV5JPauY7
2026-05-04 22:48:41 [INFO]   \_____|_____/ \_____|
2026-05-04 22:48:41 [INFO]                        
2026-06-12 20:26:24 [WARN] [CSC] Old config.toml archived to C:\Users\user\curseforge\minecraft\Instances\More FPS [FORGE] - Increase FPS & Shaders (1.21 UPDATE)\config\CSC\config_old_2026_06_12_20_26_23.toml because ConfigVersion changed from 1.21.22 to 1.21.26
2026-06-12 20:26:28 [INFO] CSC is loading...   Success！
2026-06-13 01:11:04 [INFO] CSC is loading...   Success！
2026-06-14 13:15:26 [INFO] CSC is loading...   Success！
2026-06-14 14:15:57 [INFO] CSC is loading...   Success！
2026-06-14 14:18:46 [INFO]    _____  _____  _____ 
2026-06-14 14:18:46 [INFO]   / ____|/ ____|/ ____|
2026-06-14 14:18:46 [INFO]  | |    | (___ | |        [CSC] Version: v1.21.26
2026-06-14 14:18:46 [INFO]  | |     \___ \| |        Minecraft Version: 1.21.1 neoforge
2026-06-14 14:18:46 [INFO]  | |____ ____) | |____    Problem/Feedback: Discord: https://discord.gg/rQV5JPauY7
2026-06-14 14:18:46 [INFO]   \_____|_____/ \_____|
2026-06-14 14:18:46 [INFO]                        
2026-06-14 14:18:46 [INFO] Security notice: Mod id whitelist mode is enabled. This feature restricts printing blocks from mods outside the whitelist to reduce the risk of blueprint vulnerabilities from unknown mods.
If the administrator already understands this security notice, disable the notice with: /csc notice whitelistid off
Control mod id whitelist mode: /csc mode whitelistid on|off
Open config/CSC/config.toml for more detailed configuration.
2026-06-14 14:22:59 [INFO] CSC is loading...   Success！
2026-06-14 14:24:45 [INFO]    _____  _____  _____ 
2026-06-14 14:24:45 [INFO]   / ____|/ ____|/ ____|
2026-06-14 14:24:45 [INFO]  | |    | (___ | |        [CSC] Version: v1.21.26
2026-06-14 14:24:45 [INFO]  | |     \___ \| |        Minecraft Version: 1.21.1 neoforge
2026-06-14 14:24:45 [INFO]  | |____ ____) | |____    Problem/Feedback: Discord: https://discord.gg/rQV5JPauY7
2026-06-14 14:24:45 [INFO]   \_____|_____/ \_____|
2026-06-14 14:24:45 [INFO]                        
2026-06-14 14:24:45 [INFO] Security notice: Mod id whitelist mode is enabled. This feature restricts printing blocks from mods outside the whitelist to reduce the risk of blueprint vulnerabilities from unknown mods.
If the administrator already understands this security notice, disable the notice with: /csc notice whitelistid off
Control mod id whitelist mode: /csc mode whitelistid on|off
Open config/CSC/config.toml for more detailed configuration.
2026-06-14 14:38:00 [INFO] CSC close completely, thanks for using!
2026-06-14 15:17:11 [INFO] CSC is loading...   Success！
2026-06-14 15:17:54 [INFO]    _____  _____  _____ 
2026-06-14 15:17:54 [INFO]   / ____|/ ____|/ ____|
2026-06-14 15:17:54 [INFO]  | |    | (___ | |        [CSC] Version: v1.21.26
2026-06-14 15:17:54 [INFO]  | |     \___ \| |        Minecraft Version: 1.21.1 neoforge
2026-06-14 15:17:54 [INFO]  | |____ ____) | |____    Problem/Feedback: Discord: https://discord.gg/rQV5JPauY7
2026-06-14 15:17:54 [INFO]   \_____|_____/ \_____|
2026-06-14 15:17:54 [INFO]                        
2026-06-14 15:17:54 [INFO] Security notice: Mod id whitelist mode is enabled. This feature restricts printing blocks from mods outside the whitelist to reduce the risk of blueprint vulnerabilities from unknown mods.
If the administrator already understands this security notice, disable the notice with: /csc notice whitelistid off
Control mod id whitelist mode: /csc mode whitelistid on|off
Open config/CSC/config.toml for more detailed configuration.
2026-06-14 15:22:35 [INFO] CSC is loading...   Success！
2026-06-14 15:23:17 [INFO]    _____  _____  _____ 
2026-06-14 15:23:17 [INFO]   / ____|/ ____|/ ____|
2026-06-14 15:23:17 [INFO]  | |    | (___ | |        [CSC] Version: v1.21.26
2026-06-14 15:23:17 [INFO]  | |     \___ \| |        Minecraft Version: 1.21.1 neoforge
2026-06-14 15:23:17 [INFO]  | |____ ____) | |____    Problem/Feedback: Discord: https://discord.gg/rQV5JPauY7
2026-06-14 15:23:17 [INFO]   \_____|_____/ \_____|
2026-06-14 15:23:17 [INFO]                        
2026-06-14 15:23:17 [INFO] Security notice: Mod id whitelist mode is enabled. This feature restricts printing blocks from mods outside the whitelist to reduce the risk of blueprint vulnerabilities from unknown mods.
If the administrator already understands this security notice, disable the notice with: /csc notice whitelistid off
Control mod id whitelist mode: /csc mode whitelistid on|off
Open config/CSC/config.toml for more detailed configuration.
2026-06-14 15:37:29 [INFO] CSC is loading...   Success！
2026-06-14 15:39:49 [INFO]    _____  _____  _____ 
2026-06-14 15:39:49 [INFO]   / ____|/ ____|/ ____|
2026-06-14 15:39:49 [INFO]  | |    | (___ | |        [CSC] Version: v1.21.26
2026-06-14 15:39:49 [INFO]  | |     \___ \| |        Minecraft Version: 1.21.1 neoforge
2026-06-14 15:39:49 [INFO]  | |____ ____) | |____    Problem/Feedback: Discord: https://discord.gg/rQV5JPauY7
2026-06-14 15:39:49 [INFO]   \_____|_____/ \_____|
2026-06-14 15:39:49 [INFO]                        
2026-06-14 15:39:49 [INFO] Security notice: Mod id whitelist mode is enabled. This feature restricts printing blocks from mods outside the whitelist to reduce the risk of blueprint vulnerabilities from unknown mods.
If the administrator already understands this security notice, disable the notice with: /csc notice whitelistid off
Control mod id whitelist mode: /csc mode whitelistid on|off
Open config/CSC/config.toml for more detailed configuration.
2026-06-14 15:59:31 [INFO] CSC is loading...   Success！
2026-06-14 16:16:29 [INFO]    _____  _____  _____ 
2026-06-14 16:16:29 [INFO]   / ____|/ ____|/ ____|
2026-06-14 16:16:29 [INFO]  | |    | (___ | |        [CSC] Version: v1.21.26
2026-06-14 16:16:29 [INFO]  | |     \___ \| |        Minecraft Version: 1.21.1 neoforge
2026-06-14 16:16:29 [INFO]  | |____ ____) | |____    Problem/Feedback: Discord: https://discord.gg/rQV5JPauY7
2026-06-14 16:16:29 [INFO]   \_____|_____/ \_____|
2026-06-14 16:16:29 [INFO]                        
2026-06-14 16:16:29 [INFO] Security notice: Mod id whitelist mode is enabled. This feature restricts printing blocks from mods outside the whitelist to reduce the risk of blueprint vulnerabilities from unknown mods.
If the administrator already understands this security notice, disable the notice with: /csc notice whitelistid off
Control mod id whitelist mode: /csc mode whitelistid on|off
Open config/CSC/config.toml for more detailed configuration.
2026-06-14 16:16:46 [INFO] CSC close completely, thanks for using!
2026-06-14 16:24:15 [INFO] CSC is loading...   Success！
2026-06-14 16:28:00 [INFO]    _____  _____  _____ 
2026-06-14 16:28:00 [INFO]   / ____|/ ____|/ ____|
2026-06-14 16:28:00 [INFO]  | |    | (___ | |        [CSC] Version: v1.21.26
2026-06-14 16:28:00 [INFO]  | |     \___ \| |        Minecraft Version: 1.21.1 neoforge
2026-06-14 16:28:00 [INFO]  | |____ ____) | |____    Problem/Feedback: Discord: https://discord.gg/rQV5JPauY7
2026-06-14 16:28:00 [INFO]   \_____|_____/ \_____|
2026-06-14 16:28:00 [INFO]                        
2026-06-14 16:28:00 [INFO] Security notice: Mod id whitelist mode is enabled. This feature restricts printing blocks from mods outside the whitelist to reduce the risk of blueprint vulnerabilities from unknown mods.
If the administrator already understands this security notice, disable the notice with: /csc notice whitelistid off
Control mod id whitelist mode: /csc mode whitelistid on|off
Open config/CSC/config.toml for more detailed configuration.
2026-06-14 16:28:18 [INFO] CSC close completely, thanks for using!
2026-06-14 16:30:18 [INFO] CSC is loading...   Success！
2026-06-14 16:31:49 [INFO]    _____  _____  _____ 
2026-06-14 16:31:49 [INFO]   / ____|/ ____|/ ____|
2026-06-14 16:31:49 [INFO]  | |    | (___ | |        [CSC] Version: v1.21.26
2026-06-14 16:31:49 [INFO]  | |     \___ \| |        Minecraft Version: 1.21.1 neoforge
2026-06-14 16:31:49 [INFO]  | |____ ____) | |____    Problem/Feedback: Discord: https://discord.gg/rQV5JPauY7
2026-06-14 16:31:49 [INFO]   \_____|_____/ \_____|
2026-06-14 16:31:49 [INFO]                        
2026-06-14 16:31:49 [INFO] Security notice: Mod id whitelist mode is enabled. This feature restricts printing blocks from mods outside the whitelist to reduce the risk of blueprint vulnerabilities from unknown mods.
If the administrator already understands this security notice, disable the notice with: /csc notice whitelistid off
Control mod id whitelist mode: /csc mode whitelistid on|off
Open config/CSC/config.toml for more detailed configuration.
2026-06-14 16:32:12 [INFO] CSC close completely, thanks for using!
2026-06-14 16:34:04 [INFO] CSC is loading...   Success！
2026-06-14 16:37:08 [INFO]    _____  _____  _____ 
2026-06-14 16:37:08 [INFO]   / ____|/ ____|/ ____|
2026-06-14 16:37:08 [INFO]  | |    | (___ | |        [CSC] Version: v1.21.26
2026-06-14 16:37:08 [INFO]  | |     \___ \| |        Minecraft Version: 1.21.1 neoforge
2026-06-14 16:37:08 [INFO]  | |____ ____) | |____    Problem/Feedback: Discord: https://discord.gg/rQV5JPauY7
2026-06-14 16:37:08 [INFO]   \_____|_____/ \_____|
2026-06-14 16:37:08 [INFO]                        
2026-06-14 16:37:08 [INFO] Security notice: Mod id whitelist mode is enabled. This feature restricts printing blocks from mods outside the whitelist to reduce the risk of blueprint vulnerabilities from unknown mods.
If the administrator already understands this security notice, disable the notice with: /csc notice whitelistid off
Control mod id whitelist mode: /csc mode whitelistid on|off
Open config/CSC/config.toml for more detailed configuration.
2026-06-14 17:02:09 [INFO] CSC is loading...   Success！
2026-06-14 17:04:25 [INFO]    _____  _____  _____ 
2026-06-14 17:04:25 [INFO]   / ____|/ ____|/ ____|
2026-06-14 17:04:25 [INFO]  | |    | (___ | |        [CSC] Version: v1.21.26
2026-06-14 17:04:25 [INFO]  | |     \___ \| |        Minecraft Version: 1.21.1 neoforge
2026-06-14 17:04:25 [INFO]  | |____ ____) | |____    Problem/Feedback: Discord: https://discord.gg/rQV5JPauY7
2026-06-14 17:04:25 [INFO]   \_____|_____/ \_____|
2026-06-14 17:04:25 [INFO]                        
2026-06-14 17:04:25 [INFO] Security notice: Mod id whitelist mode is enabled. This feature restricts printing blocks from mods outside the whitelist to reduce the risk of blueprint vulnerabilities from unknown mods.
If the administrator already understands this security notice, disable the notice with: /csc notice whitelistid off
Control mod id whitelist mode: /csc mode whitelistid on|off
Open config/CSC/config.toml for more detailed configuration.
2026-06-14 18:51:42 [INFO] CSC is loading...   Success！
2026-06-14 19:12:00 [INFO] CSC is loading...   Success！
2026-06-14 20:39:25 [INFO] CSC is loading...   Success！
2026-06-14 22:13:18 [INFO] CSC is loading...   Success！
2026-06-14 22:20:14 [INFO] CSC is loading...   Success！
2026-06-14 22:29:28 [INFO] CSC is loading...   Success！
2026-06-14 22:33:05 [INFO] CSC is loading...   Success！
2026-06-14 23:11:20 [INFO] CSC is loading...   Success！
2026-06-15 00:20:00 [INFO] CSC is loading...   Success！
2026-06-15 00:22:25 [INFO]    _____  _____  _____ 
2026-06-15 00:22:25 [INFO]   / ____|/ ____|/ ____|
2026-06-15 00:22:25 [INFO]  | |    | (___ | |        [CSC] Version: v1.21.26
2026-06-15 00:22:25 [INFO]  | |     \___ \| |        Minecraft Version: 1.21.1 neoforge
2026-06-15 00:22:25 [INFO]  | |____ ____) | |____    Problem/Feedback: Discord: https://discord.gg/rQV5JPauY7
2026-06-15 00:22:25 [INFO]   \_____|_____/ \_____|
2026-06-15 00:22:25 [INFO]                        
2026-06-15 00:22:25 [INFO] Security notice: Mod id whitelist mode is enabled. This feature restricts printing blocks from mods outside the whitelist to reduce the risk of blueprint vulnerabilities from unknown mods.
If the administrator already understands this security notice, disable the notice with: /csc notice whitelistid off
Control mod id whitelist mode: /csc mode whitelistid on|off
Open config/CSC/config.toml for more detailed configuration.
2026-06-16 11:50:11 [INFO] CSC is loading...   Success！
2026-06-16 11:51:10 [INFO]    _____  _____  _____ 
2026-06-16 11:51:10 [INFO]   / ____|/ ____|/ ____|
2026-06-16 11:51:10 [INFO]  | |    | (___ | |        [CSC] Version: v1.21.26
2026-06-16 11:51:10 [INFO]  | |     \___ \| |        Minecraft Version: 1.21.1 neoforge
2026-06-16 11:51:10 [INFO]  | |____ ____) | |____    Problem/Feedback: Discord: https://discord.gg/rQV5JPauY7
2026-06-16 11:51:10 [INFO]   \_____|_____/ \_____|
2026-06-16 11:51:10 [INFO]                        
2026-06-16 11:51:10 [INFO] Security notice: Mod id whitelist mode is enabled. This feature restricts printing blocks from mods outside the whitelist to reduce the risk of blueprint vulnerabilities from unknown mods.
If the administrator already understands this security notice, disable the notice with: /csc notice whitelistid off
Control mod id whitelist mode: /csc mode whitelistid on|off
Open config/CSC/config.toml for more detailed configuration.
2026-06-16 14:00:19 [INFO] CSC is loading...   Success！
2026-06-16 14:01:15 [INFO]    _____  _____  _____ 
2026-06-16 14:01:15 [INFO]   / ____|/ ____|/ ____|
2026-06-16 14:01:15 [INFO]  | |    | (___ | |        [CSC] Version: v1.21.26
2026-06-16 14:01:15 [INFO]  | |     \___ \| |        Minecraft Version: 1.21.1 neoforge
2026-06-16 14:01:15 [INFO]  | |____ ____) | |____    Problem/Feedback: Discord: https://discord.gg/rQV5JPauY7
2026-06-16 14:01:15 [INFO]   \_____|_____/ \_____|
2026-06-16 14:01:15 [INFO]                        
2026-06-16 14:01:15 [INFO] Security notice: Mod id whitelist mode is enabled. This feature restricts printing blocks from mods outside the whitelist to reduce the risk of blueprint vulnerabilities from unknown mods.
If the administrator already understands this security notice, disable the notice with: /csc notice whitelistid off
Control mod id whitelist mode: /csc mode whitelistid on|off
Open config/CSC/config.toml for more detailed configuration.
2026-06-16 14:04:05 [INFO] CSC close completely, thanks for using!
2026-06-16 14:12:34 [INFO] CSC is loading...   Success！
2026-06-16 14:14:25 [INFO]    _____  _____  _____ 
2026-06-16 14:14:25 [INFO]   / ____|/ ____|/ ____|
2026-06-16 14:14:25 [INFO]  | |    | (___ | |        [CSC] Version: v1.21.26
2026-06-16 14:14:25 [INFO]  | |     \___ \| |        Minecraft Version: 1.21.1 neoforge
2026-06-16 14:14:25 [INFO]  | |____ ____) | |____    Problem/Feedback: Discord: https://discord.gg/rQV5JPauY7
2026-06-16 14:14:25 [INFO]   \_____|_____/ \_____|
2026-06-16 14:14:25 [INFO]                        
2026-06-16 14:14:25 [INFO] Security notice: Mod id whitelist mode is enabled. This feature restricts printing blocks from mods outside the whitelist to reduce the risk of blueprint vulnerabilities from unknown mods.
If the administrator already understands this security notice, disable the notice with: /csc notice whitelistid off
Control mod id whitelist mode: /csc mode whitelistid on|off
Open config/CSC/config.toml for more detailed configuration.
2026-06-16 18:18:11 [INFO] CSC is loading...   Success！
2026-06-19 19:59:21 [INFO] CSC is loading...   Success！
2026-06-21 14:20:03 [INFO] CSC is loading...   Success！
2026-06-21 14:24:51 [INFO] CSC is loading...   Success！
2026-06-21 14:26:13 [INFO]    _____  _____  _____ 
2026-06-21 14:26:13 [INFO]   / ____|/ ____|/ ____|
2026-06-21 14:26:13 [INFO]  | |    | (___ | |        [CSC] Version: v1.21.26
2026-06-21 14:26:13 [INFO]  | |     \___ \| |        Minecraft Version: 1.21.1 neoforge
2026-06-21 14:26:13 [INFO]  | |____ ____) | |____    Problem/Feedback: Discord: https://discord.gg/rQV5JPauY7
2026-06-21 14:26:13 [INFO]   \_____|_____/ \_____|
2026-06-21 14:26:13 [INFO]                        
2026-06-21 14:26:13 [INFO] Security notice: Mod id whitelist mode is enabled. This feature restricts printing blocks from mods outside the whitelist to reduce the risk of blueprint vulnerabilities from unknown mods.
If the administrator already understands this security notice, disable the notice with: /csc notice whitelistid off
Control mod id whitelist mode: /csc mode whitelistid on|off
Open config/CSC/config.toml for more detailed configuration.
2026-06-21 17:35:01 [INFO] CSC is loading...   Success！
2026-06-21 17:40:01 [INFO] CSC is loading...   Success！
2026-06-22 02:13:50 [INFO] CSC is loading...   Success！
2026-06-22 02:30:14 [INFO] CSC is loading...   Success！
2026-06-22 10:12:02 [INFO] CSC is loading...   Success！
2026-06-22 15:59:43 [INFO] CSC is loading...   Success！
2026-06-23 17:19:15 [INFO] CSC is loading...   Success！
2026-06-23 17:54:43 [INFO] CSC is loading...   Success！
2026-06-23 19:59:15 [INFO]    _____  _____  _____ 
2026-06-23 19:59:15 [INFO]   / ____|/ ____|/ ____|
2026-06-23 19:59:15 [INFO]  | |    | (___ | |        [CSC] Version: v1.21.26
2026-06-23 19:59:15 [INFO]  | |     \___ \| |        Minecraft Version: 1.21.1 neoforge
2026-06-23 19:59:15 [INFO]  | |____ ____) | |____    Problem/Feedback: Discord: https://discord.gg/rQV5JPauY7
2026-06-23 19:59:15 [INFO]   \_____|_____/ \_____|
2026-06-23 19:59:15 [INFO]                        
2026-06-23 19:59:15 [INFO] Security notice: Mod id whitelist mode is enabled. This feature restricts printing blocks from mods outside the whitelist to reduce the risk of blueprint vulnerabilities from unknown mods.
If the administrator already understands this security notice, disable the notice with: /csc notice whitelistid off
Control mod id whitelist mode: /csc mode whitelistid on|off
Open config/CSC/config.toml for more detailed configuration.
2026-06-23 20:25:08 [INFO] CSC close completely, thanks for using!
2026-06-23 21:25:46 [INFO] CSC is loading...   Success！
2026-06-23 21:40:29 [INFO]    _____  _____  _____ 
2026-06-23 21:40:29 [INFO]   / ____|/ ____|/ ____|
2026-06-23 21:40:29 [INFO]  | |    | (___ | |        [CSC] Version: v1.21.26
2026-06-23 21:40:29 [INFO]  | |     \___ \| |        Minecraft Version: 1.21.1 neoforge
2026-06-23 21:40:29 [INFO]  | |____ ____) | |____    Problem/Feedback: Discord: https://discord.gg/rQV5JPauY7
2026-06-23 21:40:29 [INFO]   \_____|_____/ \_____|
2026-06-23 21:40:29 [INFO]                        
2026-06-23 21:40:29 [INFO] Security notice: Mod id whitelist mode is enabled. This feature restricts printing blocks from mods outside the whitelist to reduce the risk of blueprint vulnerabilities from unknown mods.
If the administrator already understands this security notice, disable the notice with: /csc notice whitelistid off
Control mod id whitelist mode: /csc mode whitelistid on|off
Open config/CSC/config.toml for more detailed configuration.
2026-06-24 00:26:40 [INFO] CSC close completely, thanks for using!
2026-06-24 16:09:55 [INFO] CSC is loading...   Success！
2026-06-24 17:32:42 [INFO] CSC is loading...   Success！
2026-06-24 17:36:07 [INFO]    _____  _____  _____ 
2026-06-24 17:36:07 [INFO]   / ____|/ ____|/ ____|
2026-06-24 17:36:07 [INFO]  | |    | (___ | |        [CSC] Version: v1.21.26
2026-06-24 17:36:07 [INFO]  | |     \___ \| |        Minecraft Version: 1.21.1 neoforge
2026-06-24 17:36:07 [INFO]  | |____ ____) | |____    Problem/Feedback: Discord: https://discord.gg/rQV5JPauY7
2026-06-24 17:36:07 [INFO]   \_____|_____/ \_____|
2026-06-24 17:36:07 [INFO]                        
2026-06-24 17:36:07 [INFO] Security notice: Mod id whitelist mode is enabled. This feature restricts printing blocks from mods outside the whitelist to reduce the risk of blueprint vulnerabilities from unknown mods.
If the administrator already understands this security notice, disable the notice with: /csc notice whitelistid off
Control mod id whitelist mode: /csc mode whitelistid on|off
Open config/CSC/config.toml for more detailed configuration.
2026-06-24 17:37:47 [INFO] CSC close completely, thanks for using!
2026-06-24 17:43:28 [INFO]    _____  _____  _____ 
2026-06-24 17:43:28 [INFO]   / ____|/ ____|/ ____|
2026-06-24 17:43:28 [INFO]  | |    | (___ | |        [CSC] Version: v1.21.26
2026-06-24 17:43:28 [INFO]  | |     \___ \| |        Minecraft Version: 1.21.1 neoforge
2026-06-24 17:43:28 [INFO]  | |____ ____) | |____    Problem/Feedback: Discord: https://discord.gg/rQV5JPauY7
2026-06-24 17:43:28 [INFO]   \_____|_____/ \_____|
2026-06-24 17:43:28 [INFO]                        
2026-06-24 17:43:28 [INFO] Security notice: Mod id whitelist mode is enabled. This feature restricts printing blocks from mods outside the whitelist to reduce the risk of blueprint vulnerabilities from unknown mods.
If the administrator already understands this security notice, disable the notice with: /csc notice whitelistid off
Control mod id whitelist mode: /csc mode whitelistid on|off
Open config/CSC/config.toml for more detailed configuration.
2026-06-24 17:45:19 [INFO] CSC close completely, thanks for using!
2026-06-24 20:53:14 [INFO]    _____  _____  _____ 
2026-06-24 20:53:14 [INFO]   / ____|/ ____|/ ____|
2026-06-24 20:53:14 [INFO]  | |    | (___ | |        [CSC] Version: v1.21.26
2026-06-24 20:53:14 [INFO]  | |     \___ \| |        Minecraft Version: 1.21.1 neoforge
2026-06-24 20:53:14 [INFO]  | |____ ____) | |____    Problem/Feedback: Discord: https://discord.gg/rQV5JPauY7
2026-06-24 20:53:14 [INFO]   \_____|_____/ \_____|
2026-06-24 20:53:14 [INFO]                        
2026-06-24 20:53:14 [INFO] Security notice: Mod id whitelist mode is enabled. This feature restricts printing blocks from mods outside the whitelist to reduce the risk of blueprint vulnerabilities from unknown mods.
If the administrator already understands this security notice, disable the notice with: /csc notice whitelistid off
Control mod id whitelist mode: /csc mode whitelistid on|off
Open config/CSC/config.toml for more detailed configuration.
2026-06-24 21:19:46 [INFO] thread run！goal =》./schematics/uploaded/BumBood_FT/create_6_0_iron_farm_1366_f7fch2ei6i.nbt
2026-06-24 21:19:46 [INFO] Meow, output schematic item list!
2026-06-24 21:19:46 [INFO] ID: create:framed_glass_trapdoor, Count: 16
2026-06-24 21:19:46 [INFO] ID: create:basin, Count: 2
2026-06-24 21:19:46 [INFO] ID: create:drill, Count: 20
2026-06-24 21:19:46 [INFO] ID: create:crushing_wheel, Count: 4
2026-06-24 21:19:46 [INFO] ID: create:brass_belt_funnel, Count: 2
2026-06-24 21:19:46 [INFO] ID: minecraft:barrel, Count: 1
2026-06-24 21:19:46 [INFO] ID: minecraft:smooth_stone, Count: 4
2026-06-24 21:19:46 [INFO] ID: minecraft:oak_leaves, Count: 2
2026-06-24 21:19:46 [INFO] ID: create:rotation_speed_controller, Count: 1
2026-06-24 21:19:46 [INFO] ID: create:item_vault, Count: 53
2026-06-24 21:19:46 [INFO] ID: minecraft:lava_cauldron, Count: 2
2026-06-24 21:19:46 [INFO] ID: minecraft:cobblestone, Count: 10
2026-06-24 21:19:46 [INFO] ID: minecraft:grass_block, Count: 1
2026-06-24 21:19:46 [INFO] ID: create:depot, Count: 2
2026-06-24 21:19:46 [INFO] ID: create:gearbox, Count: 10
2026-06-24 21:19:46 [INFO] ID: minecraft:lava, Count: 15
2026-06-24 21:19:46 [INFO] ID: create:encased_shaft, Count: 38
2026-06-24 21:19:46 [INFO] ID: create:encased_fan, Count: 2
2026-06-24 21:19:46 [INFO] ID: create:brass_funnel, Count: 8
2026-06-24 21:19:46 [INFO] ID: create:crushing_wheel_controller, Count: 2
2026-06-24 21:19:46 [INFO] ID: create:andesite_funnel, Count: 10
2026-06-24 21:19:46 [INFO] ID: create:mechanical_press, Count: 2
2026-06-24 21:19:46 [INFO] ID: create:simple_kinetic, Count: 10
2026-06-24 21:19:46 [INFO] bibi~ scan success time consume：107 ms
2026-06-24 22:57:24 [INFO] thread run！goal =》./schematics/uploaded/BumBood_FT/andesite_alloy_farm_df4wevkk9s.nbt
2026-06-24 22:57:24 [INFO] Meow, output schematic item list!
2026-06-24 22:57:24 [INFO] ID: minecraft:lever, Count: 1
2026-06-24 22:57:24 [INFO] ID: create:crushing_wheel, Count: 4
2026-06-24 22:57:24 [INFO] ID: create:mechanical_pump, Count: 9
2026-06-24 22:57:24 [INFO] ID: create:brass_belt_funnel, Count: 1
2026-06-24 22:57:24 [INFO] ID: minecraft:smooth_stone, Count: 6
2026-06-24 22:57:24 [INFO] ID: create:belt, Count: 25
2026-06-24 22:57:24 [INFO] ID: create:item_vault, Count: 13
2026-06-24 22:57:24 [INFO] ID: create:motor, Count: 1
2026-06-24 22:57:24 [INFO] ID: create:rotation_speed_controller, Count: 3
2026-06-24 22:57:24 [INFO] ID: minecraft:lava_cauldron, Count: 1
2026-06-24 22:57:24 [INFO] ID: create:mechanical_mixer, Count: 2
2026-06-24 22:57:24 [INFO] ID: create:gantry_shaft, Count: 4
2026-06-24 22:57:24 [INFO] ID: create:depot, Count: 4
2026-06-24 22:57:24 [INFO] ID: create:fluid_pipe, Count: 5
2026-06-24 22:57:24 [INFO] ID: create:encased_shaft, Count: 8
2026-06-24 22:57:24 [INFO] ID: create:creative_fluid_tank, Count: 1
2026-06-24 22:57:24 [INFO] ID: minecraft:hopper, Count: 1
2026-06-24 22:57:24 [INFO] ID: create:smart_chute, Count: 2
2026-06-24 22:57:24 [INFO] ID: create:crushing_wheel_controller, Count: 2
2026-06-24 22:57:24 [INFO] ID: create:mechanical_press, Count: 2
2026-06-24 22:57:24 [INFO] ID: create:clutch, Count: 1
2026-06-24 22:57:24 [INFO] ID: create:chassis, Count: 2
2026-06-24 22:57:24 [INFO] ID: create:basin, Count: 4
2026-06-24 22:57:24 [INFO] ID: create:gantry_pinion, Count: 2
2026-06-24 22:57:24 [INFO] ID: minecraft:barrel, Count: 1
2026-06-24 22:57:24 [INFO] ID: minecraft:oak_leaves, Count: 1
2026-06-24 22:57:24 [INFO] ID: create:fluid_tank, Count: 8
2026-06-24 22:57:24 [INFO] ID: create:gearbox, Count: 11
2026-06-24 22:57:24 [INFO] ID: create:encased_fan, Count: 1
2026-06-24 22:57:24 [INFO] ID: create:stockpile_switch, Count: 2
2026-06-24 22:57:24 [INFO] ID: create:brass_funnel, Count: 9
2026-06-24 22:57:24 [INFO] ID: create:andesite_funnel, Count: 12
2026-06-24 22:57:24 [INFO] ID: minecraft:chest, Count: 2
2026-06-24 22:57:24 [INFO] ID: minecraft:spruce_trapdoor, Count: 17
2026-06-24 22:57:24 [INFO] ID: create:andesite_belt_funnel, Count: 5
2026-06-24 22:57:24 [INFO] ID: create:simple_kinetic, Count: 14
2026-06-24 22:57:24 [INFO] bibi~ scan success time consume：45 ms
2026-06-24 23:08:54 [INFO] CSC close completely, thanks for using!
2026-06-24 23:17:30 [INFO]    _____  _____  _____ 
2026-06-24 23:17:30 [INFO]   / ____|/ ____|/ ____|
2026-06-24 23:17:30 [INFO]  | |    | (___ | |        [CSC] Version: v1.21.26
2026-06-24 23:17:30 [INFO]  | |     \___ \| |        Minecraft Version: 1.21.1 neoforge
2026-06-24 23:17:30 [INFO]  | |____ ____) | |____    Problem/Feedback: Discord: https://discord.gg/rQV5JPauY7
2026-06-24 23:17:30 [INFO]   \_____|_____/ \_____|
2026-06-24 23:17:30 [INFO]                        
2026-06-24 23:17:30 [INFO] Security notice: Mod id whitelist mode is enabled. This feature restricts printing blocks from mods outside the whitelist to reduce the risk of blueprint vulnerabilities from unknown mods.
If the administrator already understands this security notice, disable the notice with: /csc notice whitelistid off
Control mod id whitelist mode: /csc mode whitelistid on|off
Open config/CSC/config.toml for more detailed configuration.
2026-06-24 23:18:37 [INFO] CSC close completely, thanks for using!
2026-06-25 11:48:36 [INFO] CSC is loading...   Success！
2026-06-25 17:58:28 [INFO] CSC is loading...   Success！
2026-06-25 20:41:17 [INFO]    _____  _____  _____ 
2026-06-25 20:41:17 [INFO]   / ____|/ ____|/ ____|
2026-06-25 20:41:17 [INFO]  | |    | (___ | |        [CSC] Version: v1.21.26
2026-06-25 20:41:17 [INFO]  | |     \___ \| |        Minecraft Version: 1.21.1 neoforge
2026-06-25 20:41:17 [INFO]  | |____ ____) | |____    Problem/Feedback: Discord: https://discord.gg/rQV5JPauY7
2026-06-25 20:41:17 [INFO]   \_____|_____/ \_____|
2026-06-25 20:41:17 [INFO]                        
2026-06-25 20:41:17 [INFO] Security notice: Mod id whitelist mode is enabled. This feature restricts printing blocks from mods outside the whitelist to reduce the risk of blueprint vulnerabilities from unknown mods.
If the administrator already understands this security notice, disable the notice with: /csc notice whitelistid off
Control mod id whitelist mode: /csc mode whitelistid on|off
Open config/CSC/config.toml for more detailed configuration.
2026-06-25 21:32:54 [INFO] CSC close completely, thanks for using!
2026-06-25 21:54:21 [INFO] CSC is loading...   Success！
2026-06-25 22:01:33 [INFO] CSC is loading...   Success！
2026-06-25 22:07:01 [INFO] CSC is loading...   Success！
2026-06-26 14:47:11 [INFO] CSC is loading...   Success！
2026-06-26 20:40:29 [INFO] CSC is loading...   Success！
2026-06-26 21:39:36 [INFO]    _____  _____  _____ 
2026-06-26 21:39:36 [INFO]   / ____|/ ____|/ ____|
2026-06-26 21:39:36 [INFO]  | |    | (___ | |        [CSC] Version: v1.21.26
2026-06-26 21:39:36 [INFO]  | |     \___ \| |        Minecraft Version: 1.21.1 neoforge
2026-06-26 21:39:36 [INFO]  | |____ ____) | |____    Problem/Feedback: Discord: https://discord.gg/rQV5JPauY7
2026-06-26 21:39:36 [INFO]   \_____|_____/ \_____|
2026-06-26 21:39:36 [INFO]                        
2026-06-26 21:39:36 [INFO] Security notice: Mod id whitelist mode is enabled. This feature restricts printing blocks from mods outside the whitelist to reduce the risk of blueprint vulnerabilities from unknown mods.
If the administrator already understands this security notice, disable the notice with: /csc notice whitelistid off
Control mod id whitelist mode: /csc mode whitelistid on|off
Open config/CSC/config.toml for more detailed configuration.
2026-06-26 22:39:46 [INFO] CSC is loading...   Success！
2026-06-26 22:40:46 [INFO]    _____  _____  _____ 
2026-06-26 22:40:46 [INFO]   / ____|/ ____|/ ____|
2026-06-26 22:40:46 [INFO]  | |    | (___ | |        [CSC] Version: v1.21.26
2026-06-26 22:40:46 [INFO]  | |     \___ \| |        Minecraft Version: 1.21.1 neoforge
2026-06-26 22:40:46 [INFO]  | |____ ____) | |____    Problem/Feedback: Discord: https://discord.gg/rQV5JPauY7
2026-06-26 22:40:46 [INFO]   \_____|_____/ \_____|
2026-06-26 22:40:46 [INFO]                        
2026-06-26 22:40:46 [INFO] Security notice: Mod id whitelist mode is enabled. This feature restricts printing blocks from mods outside the whitelist to reduce the risk of blueprint vulnerabilities from unknown mods.
If the administrator already understands this security notice, disable the notice with: /csc notice whitelistid off
Control mod id whitelist mode: /csc mode whitelistid on|off
Open config/CSC/config.toml for more detailed configuration.
2026-06-26 22:49:55 [INFO] CSC is loading...   Success！
2026-06-26 22:50:40 [INFO]    _____  _____  _____ 
2026-06-26 22:50:40 [INFO]   / ____|/ ____|/ ____|
2026-06-26 22:50:40 [INFO]  | |    | (___ | |        [CSC] Version: v1.21.26
2026-06-26 22:50:40 [INFO]  | |     \___ \| |        Minecraft Version: 1.21.1 neoforge
2026-06-26 22:50:40 [INFO]  | |____ ____) | |____    Problem/Feedback: Discord: https://discord.gg/rQV5JPauY7
2026-06-26 22:50:40 [INFO]   \_____|_____/ \_____|
2026-06-26 22:50:40 [INFO]                        
2026-06-26 22:50:40 [INFO] Security notice: Mod id whitelist mode is enabled. This feature restricts printing blocks from mods outside the whitelist to reduce the risk of blueprint vulnerabilities from unknown mods.
If the administrator already understands this security notice, disable the notice with: /csc notice whitelistid off
Control mod id whitelist mode: /csc mode whitelistid on|off
Open config/CSC/config.toml for more detailed configuration.
2026-06-26 22:53:15 [INFO] CSC is loading...   Success！
2026-06-26 22:53:55 [INFO]    _____  _____  _____ 
2026-06-26 22:53:55 [INFO]   / ____|/ ____|/ ____|
2026-06-26 22:53:55 [INFO]  | |    | (___ | |        [CSC] Version: v1.21.26
2026-06-26 22:53:55 [INFO]  | |     \___ \| |        Minecraft Version: 1.21.1 neoforge
2026-06-26 22:53:55 [INFO]  | |____ ____) | |____    Problem/Feedback: Discord: https://discord.gg/rQV5JPauY7
2026-06-26 22:53:55 [INFO]   \_____|_____/ \_____|
2026-06-26 22:53:55 [INFO]                        
2026-06-26 22:53:55 [INFO] Security notice: Mod id whitelist mode is enabled. This feature restricts printing blocks from mods outside the whitelist to reduce the risk of blueprint vulnerabilities from unknown mods.
If the administrator already understands this security notice, disable the notice with: /csc notice whitelistid off
Control mod id whitelist mode: /csc mode whitelistid on|off
Open config/CSC/config.toml for more detailed configuration.
2026-06-26 23:02:05 [INFO] CSC is loading...   Success！
2026-06-26 23:07:09 [INFO] CSC is loading...   Success！
2026-06-26 23:07:56 [INFO]    _____  _____  _____ 
2026-06-26 23:07:56 [INFO]   / ____|/ ____|/ ____|
2026-06-26 23:07:56 [INFO]  | |    | (___ | |        [CSC] Version: v1.21.26
2026-06-26 23:07:56 [INFO]  | |     \___ \| |        Minecraft Version: 1.21.1 neoforge
2026-06-26 23:07:56 [INFO]  | |____ ____) | |____    Problem/Feedback: Discord: https://discord.gg/rQV5JPauY7
2026-06-26 23:07:56 [INFO]   \_____|_____/ \_____|
2026-06-26 23:07:56 [INFO]                        
2026-06-26 23:07:56 [INFO] Security notice: Mod id whitelist mode is enabled. This feature restricts printing blocks from mods outside the whitelist to reduce the risk of blueprint vulnerabilities from unknown mods.
If the administrator already understands this security notice, disable the notice with: /csc notice whitelistid off
Control mod id whitelist mode: /csc mode whitelistid on|off
Open config/CSC/config.toml for more detailed configuration.
2026-06-26 23:16:58 [INFO] CSC is loading...   Success！
2026-06-26 23:17:43 [INFO]    _____  _____  _____ 
2026-06-26 23:17:43 [INFO]   / ____|/ ____|/ ____|
2026-06-26 23:17:43 [INFO]  | |    | (___ | |        [CSC] Version: v1.21.26
2026-06-26 23:17:43 [INFO]  | |     \___ \| |        Minecraft Version: 1.21.1 neoforge
2026-06-26 23:17:43 [INFO]  | |____ ____) | |____    Problem/Feedback: Discord: https://discord.gg/rQV5JPauY7
2026-06-26 23:17:43 [INFO]   \_____|_____/ \_____|
2026-06-26 23:17:43 [INFO]                        
2026-06-26 23:17:43 [INFO] Security notice: Mod id whitelist mode is enabled. This feature restricts printing blocks from mods outside the whitelist to reduce the risk of blueprint vulnerabilities from unknown mods.
If the administrator already understands this security notice, disable the notice with: /csc notice whitelistid off
Control mod id whitelist mode: /csc mode whitelistid on|off
Open config/CSC/config.toml for more detailed configuration.
2026-06-26 23:26:56 [INFO] CSC close completely, thanks for using!
2026-06-26 23:27:45 [INFO] CSC is loading...   Success！
2026-06-26 23:28:33 [INFO]    _____  _____  _____ 
2026-06-26 23:28:33 [INFO]   / ____|/ ____|/ ____|
2026-06-26 23:28:33 [INFO]  | |    | (___ | |        [CSC] Version: v1.21.26
2026-06-26 23:28:33 [INFO]  | |     \___ \| |        Minecraft Version: 1.21.1 neoforge
2026-06-26 23:28:33 [INFO]  | |____ ____) | |____    Problem/Feedback: Discord: https://discord.gg/rQV5JPauY7
2026-06-26 23:28:33 [INFO]   \_____|_____/ \_____|
2026-06-26 23:28:33 [INFO]                        
2026-06-26 23:28:33 [INFO] Security notice: Mod id whitelist mode is enabled. This feature restricts printing blocks from mods outside the whitelist to reduce the risk of blueprint vulnerabilities from unknown mods.
If the administrator already understands this security notice, disable the notice with: /csc notice whitelistid off
Control mod id whitelist mode: /csc mode whitelistid on|off
Open config/CSC/config.toml for more detailed configuration.
2026-06-26 23:30:17 [INFO] CSC close completely, thanks for using!
2026-06-26 23:31:38 [INFO] CSC is loading...   Success！
2026-06-26 23:32:22 [INFO]    _____  _____  _____ 
2026-06-26 23:32:22 [INFO]   / ____|/ ____|/ ____|
2026-06-26 23:32:22 [INFO]  | |    | (___ | |        [CSC] Version: v1.21.26
2026-06-26 23:32:22 [INFO]  | |     \___ \| |        Minecraft Version: 1.21.1 neoforge
2026-06-26 23:32:22 [INFO]  | |____ ____) | |____    Problem/Feedback: Discord: https://discord.gg/rQV5JPauY7
2026-06-26 23:32:22 [INFO]   \_____|_____/ \_____|
2026-06-26 23:32:22 [INFO]                        
2026-06-26 23:32:22 [INFO] Security notice: Mod id whitelist mode is enabled. This feature restricts printing blocks from mods outside the whitelist to reduce the risk of blueprint vulnerabilities from unknown mods.
If the administrator already understands this security notice, disable the notice with: /csc notice whitelistid off
Control mod id whitelist mode: /csc mode whitelistid on|off
Open config/CSC/config.toml for more detailed configuration.
2026-06-26 23:39:56 [INFO] CSC is loading...   Success！
2026-06-26 23:40:40 [INFO]    _____  _____  _____ 
2026-06-26 23:40:40 [INFO]   / ____|/ ____|/ ____|
2026-06-26 23:40:40 [INFO]  | |    | (___ | |        [CSC] Version: v1.21.26
2026-06-26 23:40:40 [INFO]  | |     \___ \| |        Minecraft Version: 1.21.1 neoforge
2026-06-26 23:40:40 [INFO]  | |____ ____) | |____    Problem/Feedback: Discord: https://discord.gg/rQV5JPauY7
2026-06-26 23:40:40 [INFO]   \_____|_____/ \_____|
2026-06-26 23:40:40 [INFO]                        
2026-06-26 23:40:40 [INFO] Security notice: Mod id whitelist mode is enabled. This feature restricts printing blocks from mods outside the whitelist to reduce the risk of blueprint vulnerabilities from unknown mods.
If the administrator already understands this security notice, disable the notice with: /csc notice whitelistid off
Control mod id whitelist mode: /csc mode whitelistid on|off
Open config/CSC/config.toml for more detailed configuration.
2026-06-26 23:45:21 [INFO] CSC is loading...   Success！
2026-06-26 23:47:38 [INFO]    _____  _____  _____ 
2026-06-26 23:47:38 [INFO]   / ____|/ ____|/ ____|
2026-06-26 23:47:38 [INFO]  | |    | (___ | |        [CSC] Version: v1.21.26
2026-06-26 23:47:38 [INFO]  | |     \___ \| |        Minecraft Version: 1.21.1 neoforge
2026-06-26 23:47:38 [INFO]  | |____ ____) | |____    Problem/Feedback: Discord: https://discord.gg/rQV5JPauY7
2026-06-26 23:47:38 [INFO]   \_____|_____/ \_____|
2026-06-26 23:47:38 [INFO]                        
2026-06-26 23:47:38 [INFO] Security notice: Mod id whitelist mode is enabled. This feature restricts printing blocks from mods outside the whitelist to reduce the risk of blueprint vulnerabilities from unknown mods.
If the administrator already understands this security notice, disable the notice with: /csc notice whitelistid off
Control mod id whitelist mode: /csc mode whitelistid on|off
Open config/CSC/config.toml for more detailed configuration.
2026-06-27 00:22:04 [INFO] CSC close completely, thanks for using!
2026-06-27 22:58:17 [INFO] CSC is loading...   Success！
2026-06-28 12:14:58 [INFO] CSC is loading...   Success！
2026-06-28 18:11:30 [INFO] CSC is loading...   Success！
2026-06-28 23:05:33 [INFO] CSC is loading...   Success！
2026-06-29 12:00:35 [INFO] CSC is loading...   Success！
2026-06-29 16:56:48 [INFO] CSC is loading...   Success！
2026-06-29 18:55:03 [INFO] CSC is loading...   Success！
2026-06-29 18:59:57 [INFO] CSC is loading...   Success！
2026-06-29 19:03:11 [INFO] CSC is loading...   Success！
2026-06-29 19:11:02 [INFO] CSC is loading...   Success！
2026-06-29 19:12:24 [INFO]    _____  _____  _____ 
2026-06-29 19:12:24 [INFO]   / ____|/ ____|/ ____|
2026-06-29 19:12:24 [INFO]  | |    | (___ | |        [CSC] Version: v1.21.26
2026-06-29 19:12:24 [INFO]  | |     \___ \| |        Minecraft Version: 1.21.1 neoforge
2026-06-29 19:12:24 [INFO]  | |____ ____) | |____    Problem/Feedback: Discord: https://discord.gg/rQV5JPauY7
2026-06-29 19:12:24 [INFO]   \_____|_____/ \_____|
2026-06-29 19:12:24 [INFO]                        
2026-06-29 19:12:24 [INFO] Security notice: Mod id whitelist mode is enabled. This feature restricts printing blocks from mods outside the whitelist to reduce the risk of blueprint vulnerabilities from unknown mods.
If the administrator already understands this security notice, disable the notice with: /csc notice whitelistid off
Control mod id whitelist mode: /csc mode whitelistid on|off
Open config/CSC/config.toml for more detailed configuration.
2026-06-29 19:14:15 [INFO] CSC is loading...   Success！
2026-06-29 19:15:05 [INFO]    _____  _____  _____ 
2026-06-29 19:15:05 [INFO]   / ____|/ ____|/ ____|
2026-06-29 19:15:05 [INFO]  | |    | (___ | |        [CSC] Version: v1.21.26
2026-06-29 19:15:05 [INFO]  | |     \___ \| |        Minecraft Version: 1.21.1 neoforge
2026-06-29 19:15:05 [INFO]  | |____ ____) | |____    Problem/Feedback: Discord: https://discord.gg/rQV5JPauY7
2026-06-29 19:15:05 [INFO]   \_____|_____/ \_____|
2026-06-29 19:15:05 [INFO]                        
2026-06-29 19:15:05 [INFO] Security notice: Mod id whitelist mode is enabled. This feature restricts printing blocks from mods outside the whitelist to reduce the risk of blueprint vulnerabilities from unknown mods.
If the administrator already understands this security notice, disable the notice with: /csc notice whitelistid off
Control mod id whitelist mode: /csc mode whitelistid on|off
Open config/CSC/config.toml for more detailed configuration.
2026-06-30 21:19:05 [INFO] CSC is loading...   Success！
2026-06-30 23:08:44 [INFO]    _____  _____  _____ 
2026-06-30 23:08:44 [INFO]   / ____|/ ____|/ ____|
2026-06-30 23:08:44 [INFO]  | |    | (___ | |        [CSC] Version: v1.21.26
2026-06-30 23:08:44 [INFO]  | |     \___ \| |        Minecraft Version: 1.21.1 neoforge
2026-06-30 23:08:44 [INFO]  | |____ ____) | |____    Problem/Feedback: Discord: https://discord.gg/rQV5JPauY7
2026-06-30 23:08:44 [INFO]   \_____|_____/ \_____|
2026-06-30 23:08:44 [INFO]                        
2026-06-30 23:08:44 [INFO] Security notice: Mod id whitelist mode is enabled. This feature restricts printing blocks from mods outside the whitelist to reduce the risk of blueprint vulnerabilities from unknown mods.
If the administrator already understands this security notice, disable the notice with: /csc notice whitelistid off
Control mod id whitelist mode: /csc mode whitelistid on|off
Open config/CSC/config.toml for more detailed configuration.
2026-06-30 23:12:55 [INFO] CSC close completely, thanks for using!
2026-06-30 23:14:16 [INFO]    _____  _____  _____ 
2026-06-30 23:14:16 [INFO]   / ____|/ ____|/ ____|
2026-06-30 23:14:16 [INFO]  | |    | (___ | |        [CSC] Version: v1.21.26
2026-06-30 23:14:16 [INFO]  | |     \___ \| |        Minecraft Version: 1.21.1 neoforge
2026-06-30 23:14:16 [INFO]  | |____ ____) | |____    Problem/Feedback: Discord: https://discord.gg/rQV5JPauY7
2026-06-30 23:14:16 [INFO]   \_____|_____/ \_____|
2026-06-30 23:14:16 [INFO]                        
2026-06-30 23:14:16 [INFO] Security notice: Mod id whitelist mode is enabled. This feature restricts printing blocks from mods outside the whitelist to reduce the risk of blueprint vulnerabilities from unknown mods.
If the administrator already understands this security notice, disable the notice with: /csc notice whitelistid off
Control mod id whitelist mode: /csc mode whitelistid on|off
Open config/CSC/config.toml for more detailed configuration.
2026-06-30 23:16:13 [INFO] CSC is loading...   Success！
2026-06-30 23:17:21 [INFO]    _____  _____  _____ 
2026-06-30 23:17:21 [INFO]   / ____|/ ____|/ ____|
2026-06-30 23:17:21 [INFO]  | |    | (___ | |        [CSC] Version: v1.21.26
2026-06-30 23:17:21 [INFO]  | |     \___ \| |        Minecraft Version: 1.21.1 neoforge
2026-06-30 23:17:21 [INFO]  | |____ ____) | |____    Problem/Feedback: Discord: https://discord.gg/rQV5JPauY7
2026-06-30 23:17:21 [INFO]   \_____|_____/ \_____|
2026-06-30 23:17:21 [INFO]                        
2026-06-30 23:17:21 [INFO] Security notice: Mod id whitelist mode is enabled. This feature restricts printing blocks from mods outside the whitelist to reduce the risk of blueprint vulnerabilities from unknown mods.
If the administrator already understands this security notice, disable the notice with: /csc notice whitelistid off
Control mod id whitelist mode: /csc mode whitelistid on|off
Open config/CSC/config.toml for more detailed configuration.
2026-06-30 23:19:17 [INFO] CSC close completely, thanks for using!
2026-06-30 23:20:21 [INFO]    _____  _____  _____ 
2026-06-30 23:20:21 [INFO]   / ____|/ ____|/ ____|
2026-06-30 23:20:21 [INFO]  | |    | (___ | |        [CSC] Version: v1.21.26
2026-06-30 23:20:21 [INFO]  | |     \___ \| |        Minecraft Version: 1.21.1 neoforge
2026-06-30 23:20:21 [INFO]  | |____ ____) | |____    Problem/Feedback: Discord: https://discord.gg/rQV5JPauY7
2026-06-30 23:20:21 [INFO]   \_____|_____/ \_____|
2026-06-30 23:20:21 [INFO]                        
2026-06-30 23:20:21 [INFO] Security notice: Mod id whitelist mode is enabled. This feature restricts printing blocks from mods outside the whitelist to reduce the risk of blueprint vulnerabilities from unknown mods.
If the administrator already understands this security notice, disable the notice with: /csc notice whitelistid off
Control mod id whitelist mode: /csc mode whitelistid on|off
Open config/CSC/config.toml for more detailed configuration.
2026-06-30 23:31:37 [INFO] CSC is loading...   Success！
2026-06-30 23:34:42 [INFO]    _____  _____  _____ 
2026-06-30 23:34:42 [INFO]   / ____|/ ____|/ ____|
2026-06-30 23:34:42 [INFO]  | |    | (___ | |        [CSC] Version: v1.21.26
2026-06-30 23:34:42 [INFO]  | |     \___ \| |        Minecraft Version: 1.21.1 neoforge
2026-06-30 23:34:42 [INFO]  | |____ ____) | |____    Problem/Feedback: Discord: https://discord.gg/rQV5JPauY7
2026-06-30 23:34:42 [INFO]   \_____|_____/ \_____|
2026-06-30 23:34:42 [INFO]                        
2026-06-30 23:34:42 [INFO] Security notice: Mod id whitelist mode is enabled. This feature restricts printing blocks from mods outside the whitelist to reduce the risk of blueprint vulnerabilities from unknown mods.
If the administrator already understands this security notice, disable the notice with: /csc notice whitelistid off
Control mod id whitelist mode: /csc mode whitelistid on|off
Open config/CSC/config.toml for more detailed configuration.
2026-06-30 23:41:08 [INFO] CSC close completely, thanks for using!
2026-06-30 23:57:59 [INFO] CSC is loading...   Success！
2026-07-01 00:03:14 [INFO] CSC is loading...   Success！
2026-07-01 12:07:32 [INFO] CSC is loading...   Success！
2026-07-01 18:45:42 [INFO]    _____  _____  _____ 
2026-07-01 18:45:42 [INFO]   / ____|/ ____|/ ____|
2026-07-01 18:45:42 [INFO]  | |    | (___ | |        [CSC] Version: v1.21.26
2026-07-01 18:45:42 [INFO]  | |     \___ \| |        Minecraft Version: 1.21.1 neoforge
2026-07-01 18:45:42 [INFO]  | |____ ____) | |____    Problem/Feedback: Discord: https://discord.gg/rQV5JPauY7
2026-07-01 18:45:42 [INFO]   \_____|_____/ \_____|
2026-07-01 18:45:42 [INFO]                        
2026-07-01 18:45:42 [INFO] Security notice: Mod id whitelist mode is enabled. This feature restricts printing blocks from mods outside the whitelist to reduce the risk of blueprint vulnerabilities from unknown mods.
If the administrator already understands this security notice, disable the notice with: /csc notice whitelistid off
Control mod id whitelist mode: /csc mode whitelistid on|off
Open config/CSC/config.toml for more detailed configuration.
2026-07-01 18:57:35 [INFO] CSC close completely, thanks for using!
2026-07-01 19:25:04 [INFO] CSC is loading...   Success！
2026-07-01 19:38:16 [INFO] CSC is loading...   Success！
2026-07-01 19:52:08 [INFO] CSC is loading...   Success！
2026-07-01 21:41:12 [INFO] CSC is loading...   Success！
2026-07-01 23:34:45 [INFO] CSC is loading...   Success！
2026-07-02 15:07:33 [INFO] CSC is loading...   Success！
2026-07-02 16:09:45 [INFO] CSC is loading...   Success！
2026-07-04 14:32:14 [INFO] CSC is loading...   Success！
2026-07-04 21:41:27 [INFO] CSC is loading...   Success！
2026-07-04 23:57:28 [INFO]    _____  _____  _____ 
2026-07-04 23:57:28 [INFO]   / ____|/ ____|/ ____|
2026-07-04 23:57:28 [INFO]  | |    | (___ | |        [CSC] Version: v1.21.26
2026-07-04 23:57:28 [INFO]  | |     \___ \| |        Minecraft Version: 1.21.1 neoforge
2026-07-04 23:57:28 [INFO]  | |____ ____) | |____    Problem/Feedback: Discord: https://discord.gg/rQV5JPauY7
2026-07-04 23:57:28 [INFO]   \_____|_____/ \_____|
2026-07-04 23:57:28 [INFO]                        
2026-07-04 23:57:28 [INFO] Security notice: Mod id whitelist mode is enabled. This feature restricts printing blocks from mods outside the whitelist to reduce the risk of blueprint vulnerabilities from unknown mods.
If the administrator already understands this security notice, disable the notice with: /csc notice whitelistid off
Control mod id whitelist mode: /csc mode whitelistid on|off
Open config/CSC/config.toml for more detailed configuration.
2026-07-05 00:01:03 [INFO] CSC close completely, thanks for using!
2026-07-05 00:01:15 [INFO]    _____  _____  _____ 
2026-07-05 00:01:15 [INFO]   / ____|/ ____|/ ____|
2026-07-05 00:01:15 [INFO]  | |    | (___ | |        [CSC] Version: v1.21.26
2026-07-05 00:01:15 [INFO]  | |     \___ \| |        Minecraft Version: 1.21.1 neoforge
2026-07-05 00:01:15 [INFO]  | |____ ____) | |____    Problem/Feedback: Discord: https://discord.gg/rQV5JPauY7
2026-07-05 00:01:15 [INFO]   \_____|_____/ \_____|
2026-07-05 00:01:15 [INFO]                        
2026-07-05 00:01:15 [INFO] Security notice: Mod id whitelist mode is enabled. This feature restricts printing blocks from mods outside the whitelist to reduce the risk of blueprint vulnerabilities from unknown mods.
If the administrator already understands this security notice, disable the notice with: /csc notice whitelistid off
Control mod id whitelist mode: /csc mode whitelistid on|off
Open config/CSC/config.toml for more detailed configuration.
2026-07-05 00:02:39 [INFO] CSC is loading...   Success！
2026-07-05 00:04:11 [INFO]    _____  _____  _____ 
2026-07-05 00:04:11 [INFO]   / ____|/ ____|/ ____|
2026-07-05 00:04:11 [INFO]  | |    | (___ | |        [CSC] Version: v1.21.26
2026-07-05 00:04:11 [INFO]  | |     \___ \| |        Minecraft Version: 1.21.1 neoforge
2026-07-05 00:04:11 [INFO]  | |____ ____) | |____    Problem/Feedback: Discord: https://discord.gg/rQV5JPauY7
2026-07-05 00:04:11 [INFO]   \_____|_____/ \_____|
2026-07-05 00:04:11 [INFO]                        
2026-07-05 00:04:11 [INFO] Security notice: Mod id whitelist mode is enabled. This feature restricts printing blocks from mods outside the whitelist to reduce the risk of blueprint vulnerabilities from unknown mods.
If the administrator already understands this security notice, disable the notice with: /csc notice whitelistid off
Control mod id whitelist mode: /csc mode whitelistid on|off
Open config/CSC/config.toml for more detailed configuration.
2026-07-05 00:06:42 [INFO] CSC close completely, thanks for using!
2026-07-05 13:42:27 [INFO] CSC is loading...   Success！
2026-07-05 15:43:38 [INFO] CSC is loading...   Success！
2026-07-05 19:26:14 [INFO] CSC is loading...   Success！
2026-07-06 10:30:55 [INFO] CSC is loading...   Success！
2026-07-06 16:08:07 [INFO] CSC is loading...   Success！
2026-07-07 13:34:27 [INFO] CSC is loading...   Success！
2026-07-07 17:02:41 [INFO] CSC is loading...   Success！
2026-07-08 16:22:53 [INFO] CSC is loading...   Success！
2026-07-08 16:36:33 [INFO] CSC is loading...   Success！
2026-07-08 16:39:00 [INFO] CSC is loading...   Success！
2026-07-08 16:40:16 [INFO]    _____  _____  _____ 
2026-07-08 16:40:16 [INFO]   / ____|/ ____|/ ____|
2026-07-08 16:40:16 [INFO]  | |    | (___ | |        [CSC] Version: v1.21.26
2026-07-08 16:40:16 [INFO]  | |     \___ \| |        Minecraft Version: 1.21.1 neoforge
2026-07-08 16:40:16 [INFO]  | |____ ____) | |____    Problem/Feedback: Discord: https://discord.gg/rQV5JPauY7
2026-07-08 16:40:16 [INFO]   \_____|_____/ \_____|
2026-07-08 16:40:16 [INFO]                        
2026-07-08 16:40:16 [INFO] Security notice: Mod id whitelist mode is enabled. This feature restricts printing blocks from mods outside the whitelist to reduce the risk of blueprint vulnerabilities from unknown mods.
If the administrator already understands this security notice, disable the notice with: /csc notice whitelistid off
Control mod id whitelist mode: /csc mode whitelistid on|off
Open config/CSC/config.toml for more detailed configuration.
2026-07-08 16:45:02 [INFO] CSC is loading...   Success！
2026-07-08 16:45:52 [INFO]    _____  _____  _____ 
2026-07-08 16:45:52 [INFO]   / ____|/ ____|/ ____|
2026-07-08 16:45:52 [INFO]  | |    | (___ | |        [CSC] Version: v1.21.26
2026-07-08 16:45:52 [INFO]  | |     \___ \| |        Minecraft Version: 1.21.1 neoforge
2026-07-08 16:45:52 [INFO]  | |____ ____) | |____    Problem/Feedback: Discord: https://discord.gg/rQV5JPauY7
2026-07-08 16:45:52 [INFO]   \_____|_____/ \_____|
2026-07-08 16:45:52 [INFO]                        
2026-07-08 16:45:52 [INFO] Security notice: Mod id whitelist mode is enabled. This feature restricts printing blocks from mods outside the whitelist to reduce the risk of blueprint vulnerabilities from unknown mods.
If the administrator already understands this security notice, disable the notice with: /csc notice whitelistid off
Control mod id whitelist mode: /csc mode whitelistid on|off
Open config/CSC/config.toml for more detailed configuration.
2026-07-08 16:47:11 [INFO] CSC close completely, thanks for using!
2026-07-08 16:47:28 [INFO]    _____  _____  _____ 
2026-07-08 16:47:28 [INFO]   / ____|/ ____|/ ____|
2026-07-08 16:47:28 [INFO]  | |    | (___ | |        [CSC] Version: v1.21.26
2026-07-08 16:47:28 [INFO]  | |     \___ \| |        Minecraft Version: 1.21.1 neoforge
2026-07-08 16:47:28 [INFO]  | |____ ____) | |____    Problem/Feedback: Discord: https://discord.gg/rQV5JPauY7
2026-07-08 16:47:28 [INFO]   \_____|_____/ \_____|
2026-07-08 16:47:28 [INFO]                        
2026-07-08 16:47:28 [INFO] Security notice: Mod id whitelist mode is enabled. This feature restricts printing blocks from mods outside the whitelist to reduce the risk of blueprint vulnerabilities from unknown mods.
If the administrator already understands this security notice, disable the notice with: /csc notice whitelistid off
Control mod id whitelist mode: /csc mode whitelistid on|off
Open config/CSC/config.toml for more detailed configuration.
2026-07-08 16:51:08 [INFO] CSC is loading...   Success！
2026-07-08 16:51:50 [INFO]    _____  _____  _____ 
2026-07-08 16:51:50 [INFO]   / ____|/ ____|/ ____|
2026-07-08 16:51:50 [INFO]  | |    | (___ | |        [CSC] Version: v1.21.26
2026-07-08 16:51:50 [INFO]  | |     \___ \| |        Minecraft Version: 1.21.1 neoforge
2026-07-08 16:51:50 [INFO]  | |____ ____) | |____    Problem/Feedback: Discord: https://discord.gg/rQV5JPauY7
2026-07-08 16:51:50 [INFO]   \_____|_____/ \_____|
2026-07-08 16:51:50 [INFO]                        
2026-07-08 16:51:50 [INFO] Security notice: Mod id whitelist mode is enabled. This feature restricts printing blocks from mods outside the whitelist to reduce the risk of blueprint vulnerabilities from unknown mods.
If the administrator already understands this security notice, disable the notice with: /csc notice whitelistid off
Control mod id whitelist mode: /csc mode whitelistid on|off
Open config/CSC/config.toml for more detailed configuration.
2026-07-08 17:02:07 [INFO] CSC is loading...   Success！
2026-07-08 17:02:54 [INFO]    _____  _____  _____ 
2026-07-08 17:02:54 [INFO]   / ____|/ ____|/ ____|
2026-07-08 17:02:54 [INFO]  | |    | (___ | |        [CSC] Version: v1.21.26
2026-07-08 17:02:54 [INFO]  | |     \___ \| |        Minecraft Version: 1.21.1 neoforge
2026-07-08 17:02:54 [INFO]  | |____ ____) | |____    Problem/Feedback: Discord: https://discord.gg/rQV5JPauY7
2026-07-08 17:02:54 [INFO]   \_____|_____/ \_____|
2026-07-08 17:02:54 [INFO]                        
2026-07-08 17:02:54 [INFO] Security notice: Mod id whitelist mode is enabled. This feature restricts printing blocks from mods outside the whitelist to reduce the risk of blueprint vulnerabilities from unknown mods.
If the administrator already understands this security notice, disable the notice with: /csc notice whitelistid off
Control mod id whitelist mode: /csc mode whitelistid on|off
Open config/CSC/config.toml for more detailed configuration.
2026-07-08 17:05:32 [INFO] CSC close completely, thanks for using!
2026-07-08 17:18:55 [INFO] CSC is loading...   Success！
2026-07-08 17:22:24 [INFO]    _____  _____  _____ 
2026-07-08 17:22:24 [INFO]   / ____|/ ____|/ ____|
2026-07-08 17:22:24 [INFO]  | |    | (___ | |        [CSC] Version: v1.21.26
2026-07-08 17:22:24 [INFO]  | |     \___ \| |        Minecraft Version: 1.21.1 neoforge
2026-07-08 17:22:24 [INFO]  | |____ ____) | |____    Problem/Feedback: Discord: https://discord.gg/rQV5JPauY7
2026-07-08 17:22:24 [INFO]   \_____|_____/ \_____|
2026-07-08 17:22:24 [INFO]                        
2026-07-08 17:22:24 [INFO] Security notice: Mod id whitelist mode is enabled. This feature restricts printing blocks from mods outside the whitelist to reduce the risk of blueprint vulnerabilities from unknown mods.
If the administrator already understands this security notice, disable the notice with: /csc notice whitelistid off
Control mod id whitelist mode: /csc mode whitelistid on|off
Open config/CSC/config.toml for more detailed configuration.
2026-07-08 17:24:25 [INFO] CSC close completely, thanks for using!
2026-07-08 17:54:32 [INFO] CSC is loading...   Success！
2026-07-08 17:56:42 [INFO]    _____  _____  _____ 
2026-07-08 17:56:42 [INFO]   / ____|/ ____|/ ____|
2026-07-08 17:56:42 [INFO]  | |    | (___ | |        [CSC] Version: v1.21.26
2026-07-08 17:56:42 [INFO]  | |     \___ \| |        Minecraft Version: 1.21.1 neoforge
2026-07-08 17:56:42 [INFO]  | |____ ____) | |____    Problem/Feedback: Discord: https://discord.gg/rQV5JPauY7
2026-07-08 17:56:42 [INFO]   \_____|_____/ \_____|
2026-07-08 17:56:42 [INFO]                        
2026-07-08 17:56:42 [INFO] Security notice: Mod id whitelist mode is enabled. This feature restricts printing blocks from mods outside the whitelist to reduce the risk of blueprint vulnerabilities from unknown mods.
If the administrator already understands this security notice, disable the notice with: /csc notice whitelistid off
Control mod id whitelist mode: /csc mode whitelistid on|off
Open config/CSC/config.toml for more detailed configuration.
2026-07-08 17:58:33 [INFO] CSC close completely, thanks for using!
2026-07-08 18:00:44 [INFO] CSC is loading...   Success！
2026-07-12 18:54:32 [INFO] CSC is loading...   Success！
2026-07-12 22:34:24 [INFO] CSC is loading...   Success！
2026-07-13 11:59:49 [INFO] CSC is loading...   Success！
2026-07-13 16:31:06 [INFO] CSC is loading...   Success！
2026-07-13 19:09:44 [INFO] CSC is loading...   Success！
2026-07-21 11:28:35 [WARN] [CSC] Old config.toml archived to C:\Users\user\curseforge\minecraft\Instances\new_sborka\config\CSC\config_old_2026_07_21_11_28_34.toml because ConfigVersion changed from 1.21.26 to 1.21.27
2026-07-21 11:28:37 [INFO] CSC is loading...   Success！
2026-07-21 11:38:16 [INFO] CSC is loading...   Success！
2026-07-21 11:53:32 [INFO] CSC is loading...   Success！
2026-07-21 11:56:38 [INFO]    _____  _____  _____ 
2026-07-21 11:56:38 [INFO]   / ____|/ ____|/ ____|
2026-07-21 11:56:38 [INFO]  | |    | (___ | |        [CSC] Version: v1.21.27
2026-07-21 11:56:38 [INFO]  | |     \___ \| |        Minecraft Version: 1.21.1 neoforge
2026-07-21 11:56:38 [INFO]  | |____ ____) | |____    Problem/Feedback: Discord: https://discord.gg/rQV5JPauY7
2026-07-21 11:56:38 [INFO]   \_____|_____/ \_____|
2026-07-21 11:56:38 [INFO]                        
2026-07-21 11:56:38 [INFO] Security notice: Mod id whitelist mode is enabled. This feature restricts printing blocks from mods outside the whitelist to reduce the risk of blueprint vulnerabilities from unknown mods.
If the administrator already understands this security notice, disable the notice with: /csc notice whitelistid off
Control mod id whitelist mode: /csc mode whitelistid on|off
Open config/CSC/config.toml for more detailed configuration.
2026-07-21 11:59:34 [INFO] CSC close completely, thanks for using!
2026-07-21 11:59:51 [INFO]    _____  _____  _____ 
2026-07-21 11:59:51 [INFO]   / ____|/ ____|/ ____|
2026-07-21 11:59:51 [INFO]  | |    | (___ | |        [CSC] Version: v1.21.27
2026-07-21 11:59:51 [INFO]  | |     \___ \| |        Minecraft Version: 1.21.1 neoforge
2026-07-21 11:59:51 [INFO]  | |____ ____) | |____    Problem/Feedback: Discord: https://discord.gg/rQV5JPauY7
2026-07-21 11:59:51 [INFO]   \_____|_____/ \_____|
2026-07-21 11:59:51 [INFO]                        
2026-07-21 11:59:51 [INFO] Security notice: Mod id whitelist mode is enabled. This feature restricts printing blocks from mods outside the whitelist to reduce the risk of blueprint vulnerabilities from unknown mods.
If the administrator already understands this security notice, disable the notice with: /csc notice whitelistid off
Control mod id whitelist mode: /csc mode whitelistid on|off
Open config/CSC/config.toml for more detailed configuration.
2026-07-21 12:00:45 [INFO] CSC is loading...   Success！
2026-07-21 12:01:31 [INFO]    _____  _____  _____ 
2026-07-21 12:01:31 [INFO]   / ____|/ ____|/ ____|
2026-07-21 12:01:31 [INFO]  | |    | (___ | |        [CSC] Version: v1.21.27
2026-07-21 12:01:31 [INFO]  | |     \___ \| |        Minecraft Version: 1.21.1 neoforge
2026-07-21 12:01:31 [INFO]  | |____ ____) | |____    Problem/Feedback: Discord: https://discord.gg/rQV5JPauY7
2026-07-21 12:01:31 [INFO]   \_____|_____/ \_____|
2026-07-21 12:01:31 [INFO]                        
2026-07-21 12:01:31 [INFO] Security notice: Mod id whitelist mode is enabled. This feature restricts printing blocks from mods outside the whitelist to reduce the risk of blueprint vulnerabilities from unknown mods.
If the administrator already understands this security notice, disable the notice with: /csc notice whitelistid off
Control mod id whitelist mode: /csc mode whitelistid on|off
Open config/CSC/config.toml for more detailed configuration.
2026-07-21 12:02:13 [INFO] CSC close completely, thanks for using!
2026-07-21 12:02:25 [INFO]    _____  _____  _____ 
2026-07-21 12:02:25 [INFO]   / ____|/ ____|/ ____|
2026-07-21 12:02:25 [INFO]  | |    | (___ | |        [CSC] Version: v1.21.27
2026-07-21 12:02:25 [INFO]  | |     \___ \| |        Minecraft Version: 1.21.1 neoforge
2026-07-21 12:02:25 [INFO]  | |____ ____) | |____    Problem/Feedback: Discord: https://discord.gg/rQV5JPauY7
2026-07-21 12:02:25 [INFO]   \_____|_____/ \_____|
2026-07-21 12:02:25 [INFO]                        
2026-07-21 12:02:25 [INFO] Security notice: Mod id whitelist mode is enabled. This feature restricts printing blocks from mods outside the whitelist to reduce the risk of blueprint vulnerabilities from unknown mods.
If the administrator already understands this security notice, disable the notice with: /csc notice whitelistid off
Control mod id whitelist mode: /csc mode whitelistid on|off
Open config/CSC/config.toml for more detailed configuration.
2026-07-21 12:03:16 [INFO] CSC is loading...   Success！
2026-07-21 12:04:00 [INFO]    _____  _____  _____ 
2026-07-21 12:04:00 [INFO]   / ____|/ ____|/ ____|
2026-07-21 12:04:00 [INFO]  | |    | (___ | |        [CSC] Version: v1.21.27
2026-07-21 12:04:00 [INFO]  | |     \___ \| |        Minecraft Version: 1.21.1 neoforge
2026-07-21 12:04:00 [INFO]  | |____ ____) | |____    Problem/Feedback: Discord: https://discord.gg/rQV5JPauY7
2026-07-21 12:04:00 [INFO]   \_____|_____/ \_____|
2026-07-21 12:04:00 [INFO]                        
2026-07-21 12:04:00 [INFO] Security notice: Mod id whitelist mode is enabled. This feature restricts printing blocks from mods outside the whitelist to reduce the risk of blueprint vulnerabilities from unknown mods.
If the administrator already understands this security notice, disable the notice with: /csc notice whitelistid off
Control mod id whitelist mode: /csc mode whitelistid on|off
Open config/CSC/config.toml for more detailed configuration.
2026-07-21 13:49:25 [INFO] CSC is loading...   Success！
2026-07-21 14:16:28 [INFO]    _____  _____  _____ 
2026-07-21 14:16:28 [INFO]   / ____|/ ____|/ ____|
2026-07-21 14:16:28 [INFO]  | |    | (___ | |        [CSC] Version: v1.21.27
2026-07-21 14:16:28 [INFO]  | |     \___ \| |        Minecraft Version: 1.21.1 neoforge
2026-07-21 14:16:28 [INFO]  | |____ ____) | |____    Problem/Feedback: Discord: https://discord.gg/rQV5JPauY7
2026-07-21 14:16:28 [INFO]   \_____|_____/ \_____|
2026-07-21 14:16:28 [INFO]                        
2026-07-21 14:16:28 [INFO] Security notice: Mod id whitelist mode is enabled. This feature restricts printing blocks from mods outside the whitelist to reduce the risk of blueprint vulnerabilities from unknown mods.
If the administrator already understands this security notice, disable the notice with: /csc notice whitelistid off
Control mod id whitelist mode: /csc mode whitelistid on|off
Open config/CSC/config.toml for more detailed configuration.
2026-07-21 21:09:55 [INFO] CSC is loading...   Success！
2026-07-21 21:12:00 [INFO] CSC is loading...   Success！
2026-07-21 21:16:05 [INFO]    _____  _____  _____ 
2026-07-21 21:16:05 [INFO]   / ____|/ ____|/ ____|
2026-07-21 21:16:05 [INFO]  | |    | (___ | |        [CSC] Version: v1.21.27
2026-07-21 21:16:05 [INFO]  | |     \___ \| |        Minecraft Version: 1.21.1 neoforge
2026-07-21 21:16:05 [INFO]  | |____ ____) | |____    Problem/Feedback: Discord: https://discord.gg/rQV5JPauY7
2026-07-21 21:16:05 [INFO]   \_____|_____/ \_____|
2026-07-21 21:16:05 [INFO]                        
2026-07-21 21:16:05 [INFO] Security notice: Mod id whitelist mode is enabled. This feature restricts printing blocks from mods outside the whitelist to reduce the risk of blueprint vulnerabilities from unknown mods.
If the administrator already understands this security notice, disable the notice with: /csc notice whitelistid off
Control mod id whitelist mode: /csc mode whitelistid on|off
Open config/CSC/config.toml for more detailed configuration.
2026-07-21 21:18:56 [INFO] CSC close completely, thanks for using!
2026-07-21 21:19:30 [INFO]    _____  _____  _____ 
2026-07-21 21:19:30 [INFO]   / ____|/ ____|/ ____|
2026-07-21 21:19:30 [INFO]  | |    | (___ | |        [CSC] Version: v1.21.27
2026-07-21 21:19:30 [INFO]  | |     \___ \| |        Minecraft Version: 1.21.1 neoforge
2026-07-21 21:19:30 [INFO]  | |____ ____) | |____    Problem/Feedback: Discord: https://discord.gg/rQV5JPauY7
2026-07-21 21:19:30 [INFO]   \_____|_____/ \_____|
2026-07-21 21:19:30 [INFO]                        
2026-07-21 21:19:30 [INFO] Security notice: Mod id whitelist mode is enabled. This feature restricts printing blocks from mods outside the whitelist to reduce the risk of blueprint vulnerabilities from unknown mods.
If the administrator already understands this security notice, disable the notice with: /csc notice whitelistid off
Control mod id whitelist mode: /csc mode whitelistid on|off
Open config/CSC/config.toml for more detailed configuration.
2026-07-21 21:23:12 [INFO] CSC close completely, thanks for using!
2026-07-21 21:23:35 [INFO]    _____  _____  _____ 
2026-07-21 21:23:35 [INFO]   / ____|/ ____|/ ____|
2026-07-21 21:23:35 [INFO]  | |    | (___ | |        [CSC] Version: v1.21.27
2026-07-21 21:23:35 [INFO]  | |     \___ \| |        Minecraft Version: 1.21.1 neoforge
2026-07-21 21:23:35 [INFO]  | |____ ____) | |____    Problem/Feedback: Discord: https://discord.gg/rQV5JPauY7
2026-07-21 21:23:35 [INFO]   \_____|_____/ \_____|
2026-07-21 21:23:35 [INFO]                        
2026-07-21 21:23:35 [INFO] Security notice: Mod id whitelist mode is enabled. This feature restricts printing blocks from mods outside the whitelist to reduce the risk of blueprint vulnerabilities from unknown mods.
If the administrator already understands this security notice, disable the notice with: /csc notice whitelistid off
Control mod id whitelist mode: /csc mode whitelistid on|off
Open config/CSC/config.toml for more detailed configuration.
2026-07-21 21:30:32 [INFO] CSC is loading...   Success！
2026-07-21 21:38:26 [INFO] CSC is loading...   Success！
2026-07-21 21:46:20 [INFO] CSC is loading...   Success！
2026-07-21 21:49:30 [INFO] CSC is loading...   Success！
2026-07-21 21:55:07 [INFO] CSC is loading...   Success！
2026-07-21 22:03:45 [INFO]    _____  _____  _____ 
2026-07-21 22:03:45 [INFO]   / ____|/ ____|/ ____|
2026-07-21 22:03:45 [INFO]  | |    | (___ | |        [CSC] Version: v1.21.27
2026-07-21 22:03:45 [INFO]  | |     \___ \| |        Minecraft Version: 1.21.1 neoforge
2026-07-21 22:03:45 [INFO]  | |____ ____) | |____    Problem/Feedback: Discord: https://discord.gg/rQV5JPauY7
2026-07-21 22:03:45 [INFO]   \_____|_____/ \_____|
2026-07-21 22:03:45 [INFO]                        
2026-07-21 22:03:45 [INFO] Security notice: Mod id whitelist mode is enabled. This feature restricts printing blocks from mods outside the whitelist to reduce the risk of blueprint vulnerabilities from unknown mods.
If the administrator already understands this security notice, disable the notice with: /csc notice whitelistid off
Control mod id whitelist mode: /csc mode whitelistid on|off
Open config/CSC/config.toml for more detailed configuration.
2026-07-21 23:16:53 [INFO] CSC is loading...   Success！
2026-07-21 23:18:38 [INFO]    _____  _____  _____ 
2026-07-21 23:18:38 [INFO]   / ____|/ ____|/ ____|
2026-07-21 23:18:38 [INFO]  | |    | (___ | |        [CSC] Version: v1.21.27
2026-07-21 23:18:38 [INFO]  | |     \___ \| |        Minecraft Version: 1.21.1 neoforge
2026-07-21 23:18:38 [INFO]  | |____ ____) | |____    Problem/Feedback: Discord: https://discord.gg/rQV5JPauY7
2026-07-21 23:18:38 [INFO]   \_____|_____/ \_____|
2026-07-21 23:18:38 [INFO]                        
2026-07-21 23:18:38 [INFO] Security notice: Mod id whitelist mode is enabled. This feature restricts printing blocks from mods outside the whitelist to reduce the risk of blueprint vulnerabilities from unknown mods.
If the administrator already understands this security notice, disable the notice with: /csc notice whitelistid off
Control mod id whitelist mode: /csc mode whitelistid on|off
Open config/CSC/config.toml for more detailed configuration.
2026-07-22 10:42:35 [INFO] CSC is loading...   Success！
2026-07-22 10:47:16 [INFO] CSC is loading...   Success！
2026-07-22 10:51:29 [INFO]    _____  _____  _____ 
2026-07-22 10:51:29 [INFO]   / ____|/ ____|/ ____|
2026-07-22 10:51:29 [INFO]  | |    | (___ | |        [CSC] Version: v1.21.27
2026-07-22 10:51:29 [INFO]  | |     \___ \| |        Minecraft Version: 1.21.1 neoforge
2026-07-22 10:51:29 [INFO]  | |____ ____) | |____    Problem/Feedback: Discord: https://discord.gg/rQV5JPauY7
2026-07-22 10:51:29 [INFO]   \_____|_____/ \_____|
2026-07-22 10:51:29 [INFO]                        
2026-07-22 10:51:29 [INFO] Security notice: Mod id whitelist mode is enabled. This feature restricts printing blocks from mods outside the whitelist to reduce the risk of blueprint vulnerabilities from unknown mods.
If the administrator already understands this security notice, disable the notice with: /csc notice whitelistid off
Control mod id whitelist mode: /csc mode whitelistid on|off
Open config/CSC/config.toml for more detailed configuration.
2026-07-22 12:06:51 [INFO] CSC is loading...   Success！
2026-07-22 12:08:28 [INFO]    _____  _____  _____ 
2026-07-22 12:08:28 [INFO]   / ____|/ ____|/ ____|
2026-07-22 12:08:28 [INFO]  | |    | (___ | |        [CSC] Version: v1.21.27
2026-07-22 12:08:28 [INFO]  | |     \___ \| |        Minecraft Version: 1.21.1 neoforge
2026-07-22 12:08:28 [INFO]  | |____ ____) | |____    Problem/Feedback: Discord: https://discord.gg/rQV5JPauY7
2026-07-22 12:08:28 [INFO]   \_____|_____/ \_____|
2026-07-22 12:08:28 [INFO]                        
2026-07-22 12:08:28 [INFO] Security notice: Mod id whitelist mode is enabled. This feature restricts printing blocks from mods outside the whitelist to reduce the risk of blueprint vulnerabilities from unknown mods.
If the administrator already understands this security notice, disable the notice with: /csc notice whitelistid off
Control mod id whitelist mode: /csc mode whitelistid on|off
Open config/CSC/config.toml for more detailed configuration.
2026-07-22 13:01:54 [INFO] CSC close completely, thanks for using!
2026-07-22 14:45:05 [INFO]    _____  _____  _____ 
2026-07-22 14:45:05 [INFO]   / ____|/ ____|/ ____|
2026-07-22 14:45:05 [INFO]  | |    | (___ | |        [CSC] Version: v1.21.27
2026-07-22 14:45:05 [INFO]  | |     \___ \| |        Minecraft Version: 1.21.1 neoforge
2026-07-22 14:45:05 [INFO]  | |____ ____) | |____    Problem/Feedback: Discord: https://discord.gg/rQV5JPauY7
2026-07-22 14:45:05 [INFO]   \_____|_____/ \_____|
2026-07-22 14:45:05 [INFO]                        
2026-07-22 14:45:05 [INFO] Security notice: Mod id whitelist mode is enabled. This feature restricts printing blocks from mods outside the whitelist to reduce the risk of blueprint vulnerabilities from unknown mods.
If the administrator already understands this security notice, disable the notice with: /csc notice whitelistid off
Control mod id whitelist mode: /csc mode whitelistid on|off
Open config/CSC/config.toml for more detailed configuration.
2026-07-22 16:34:18 [INFO] CSC is loading...   Success！
2026-07-22 16:35:23 [INFO]    _____  _____  _____ 
2026-07-22 16:35:23 [INFO]   / ____|/ ____|/ ____|
2026-07-22 16:35:23 [INFO]  | |    | (___ | |        [CSC] Version: v1.21.27
2026-07-22 16:35:23 [INFO]  | |     \___ \| |        Minecraft Version: 1.21.1 neoforge
2026-07-22 16:35:23 [INFO]  | |____ ____) | |____    Problem/Feedback: Discord: https://discord.gg/rQV5JPauY7
2026-07-22 16:35:23 [INFO]   \_____|_____/ \_____|
2026-07-22 16:35:23 [INFO]                        
2026-07-22 16:35:23 [INFO] Security notice: Mod id whitelist mode is enabled. This feature restricts printing blocks from mods outside the whitelist to reduce the risk of blueprint vulnerabilities from unknown mods.
If the administrator already understands this security notice, disable the notice with: /csc notice whitelistid off
Control mod id whitelist mode: /csc mode whitelistid on|off
Open config/CSC/config.toml for more detailed configuration.
2026-07-22 22:23:31 [INFO] CSC is loading...   Success！
2026-07-23 17:47:57 [INFO] CSC is loading...   Success！
2026-07-23 21:07:01 [INFO]    _____  _____  _____ 
2026-07-23 21:07:01 [INFO]   / ____|/ ____|/ ____|
2026-07-23 21:07:01 [INFO]  | |    | (___ | |        [CSC] Version: v1.21.27
2026-07-23 21:07:01 [INFO]  | |     \___ \| |        Minecraft Version: 1.21.1 neoforge
2026-07-23 21:07:01 [INFO]  | |____ ____) | |____    Problem/Feedback: Discord: https://discord.gg/rQV5JPauY7
2026-07-23 21:07:01 [INFO]   \_____|_____/ \_____|
2026-07-23 21:07:01 [INFO]                        
2026-07-23 21:07:01 [INFO] Security notice: Mod id whitelist mode is enabled. This feature restricts printing blocks from mods outside the whitelist to reduce the risk of blueprint vulnerabilities from unknown mods.
If the administrator already understands this security notice, disable the notice with: /csc notice whitelistid off
Control mod id whitelist mode: /csc mode whitelistid on|off
Open config/CSC/config.toml for more detailed configuration.
2026-07-23 21:09:09 [INFO] CSC is loading...   Success！
2026-07-23 21:10:14 [INFO]    _____  _____  _____ 
2026-07-23 21:10:14 [INFO]   / ____|/ ____|/ ____|
2026-07-23 21:10:14 [INFO]  | |    | (___ | |        [CSC] Version: v1.21.27
2026-07-23 21:10:14 [INFO]  | |     \___ \| |        Minecraft Version: 1.21.1 neoforge
2026-07-23 21:10:14 [INFO]  | |____ ____) | |____    Problem/Feedback: Discord: https://discord.gg/rQV5JPauY7
2026-07-23 21:10:14 [INFO]   \_____|_____/ \_____|
2026-07-23 21:10:14 [INFO]                        
2026-07-23 21:10:14 [INFO] Security notice: Mod id whitelist mode is enabled. This feature restricts printing blocks from mods outside the whitelist to reduce the risk of blueprint vulnerabilities from unknown mods.
If the administrator already understands this security notice, disable the notice with: /csc notice whitelistid off
Control mod id whitelist mode: /csc mode whitelistid on|off
Open config/CSC/config.toml for more detailed configuration.
2026-07-23 21:18:49 [INFO] CSC is loading...   Success！
2026-07-23 21:19:45 [INFO]    _____  _____  _____ 
2026-07-23 21:19:45 [INFO]   / ____|/ ____|/ ____|
2026-07-23 21:19:45 [INFO]  | |    | (___ | |        [CSC] Version: v1.21.27
2026-07-23 21:19:45 [INFO]  | |     \___ \| |        Minecraft Version: 1.21.1 neoforge
2026-07-23 21:19:45 [INFO]  | |____ ____) | |____    Problem/Feedback: Discord: https://discord.gg/rQV5JPauY7
2026-07-23 21:19:45 [INFO]   \_____|_____/ \_____|
2026-07-23 21:19:45 [INFO]                        
2026-07-23 21:19:45 [INFO] Security notice: Mod id whitelist mode is enabled. This feature restricts printing blocks from mods outside the whitelist to reduce the risk of blueprint vulnerabilities from unknown mods.
If the administrator already understands this security notice, disable the notice with: /csc notice whitelistid off
Control mod id whitelist mode: /csc mode whitelistid on|off
Open config/CSC/config.toml for more detailed configuration.
2026-07-23 21:22:36 [INFO] CSC close completely, thanks for using!
2026-07-24 01:46:36 [INFO]    _____  _____  _____ 
2026-07-24 01:46:36 [INFO]   / ____|/ ____|/ ____|
2026-07-24 01:46:36 [INFO]  | |    | (___ | |        [CSC] Version: v1.21.27
2026-07-24 01:46:36 [INFO]  | |     \___ \| |        Minecraft Version: 1.21.1 neoforge
2026-07-24 01:46:36 [INFO]  | |____ ____) | |____    Problem/Feedback: Discord: https://discord.gg/rQV5JPauY7
2026-07-24 01:46:36 [INFO]   \_____|_____/ \_____|
2026-07-24 01:46:36 [INFO]                        
2026-07-24 01:46:36 [INFO] Security notice: Mod id whitelist mode is enabled. This feature restricts printing blocks from mods outside the whitelist to reduce the risk of blueprint vulnerabilities from unknown mods.
If the administrator already understands this security notice, disable the notice with: /csc notice whitelistid off
Control mod id whitelist mode: /csc mode whitelistid on|off
Open config/CSC/config.toml for more detailed configuration.
2026-07-24 01:50:10 [INFO] CSC close completely, thanks for using!
2026-07-24 10:59:21 [INFO] CSC is loading...   Success！
2026-07-24 16:37:14 [INFO]    _____  _____  _____ 
2026-07-24 16:37:14 [INFO]   / ____|/ ____|/ ____|
2026-07-24 16:37:14 [INFO]  | |    | (___ | |        [CSC] Version: v1.21.27
2026-07-24 16:37:14 [INFO]  | |     \___ \| |        Minecraft Version: 1.21.1 neoforge
2026-07-24 16:37:14 [INFO]  | |____ ____) | |____    Problem/Feedback: Discord: https://discord.gg/rQV5JPauY7
2026-07-24 16:37:14 [INFO]   \_____|_____/ \_____|
2026-07-24 16:37:14 [INFO]                        
2026-07-24 16:37:14 [INFO] Security notice: Mod id whitelist mode is enabled. This feature restricts printing blocks from mods outside the whitelist to reduce the risk of blueprint vulnerabilities from unknown mods.
If the administrator already understands this security notice, disable the notice with: /csc notice whitelistid off
Control mod id whitelist mode: /csc mode whitelistid on|off
Open config/CSC/config.toml for more detailed configuration.
2026-07-24 16:37:53 [INFO] CSC close completely, thanks for using!
2026-07-24 16:38:32 [INFO]    _____  _____  _____ 
2026-07-24 16:38:32 [INFO]   / ____|/ ____|/ ____|
2026-07-24 16:38:32 [INFO]  | |    | (___ | |        [CSC] Version: v1.21.27
2026-07-24 16:38:32 [INFO]  | |     \___ \| |        Minecraft Version: 1.21.1 neoforge
2026-07-24 16:38:32 [INFO]  | |____ ____) | |____    Problem/Feedback: Discord: https://discord.gg/rQV5JPauY7
2026-07-24 16:38:32 [INFO]   \_____|_____/ \_____|
2026-07-24 16:38:32 [INFO]                        
2026-07-24 16:38:32 [INFO] Security notice: Mod id whitelist mode is enabled. This feature restricts printing blocks from mods outside the whitelist to reduce the risk of blueprint vulnerabilities from unknown mods.
If the administrator already understands this security notice, disable the notice with: /csc notice whitelistid off
Control mod id whitelist mode: /csc mode whitelistid on|off
Open config/CSC/config.toml for more detailed configuration.
2026-07-24 16:39:01 [INFO] CSC close completely, thanks for using!
2026-07-24 16:39:51 [INFO]    _____  _____  _____ 
2026-07-24 16:39:51 [INFO]   / ____|/ ____|/ ____|
2026-07-24 16:39:51 [INFO]  | |    | (___ | |        [CSC] Version: v1.21.27
2026-07-24 16:39:51 [INFO]  | |     \___ \| |        Minecraft Version: 1.21.1 neoforge
2026-07-24 16:39:51 [INFO]  | |____ ____) | |____    Problem/Feedback: Discord: https://discord.gg/rQV5JPauY7
2026-07-24 16:39:51 [INFO]   \_____|_____/ \_____|
2026-07-24 16:39:51 [INFO]                        
2026-07-24 16:39:51 [INFO] Security notice: Mod id whitelist mode is enabled. This feature restricts printing blocks from mods outside the whitelist to reduce the risk of blueprint vulnerabilities from unknown mods.
If the administrator already understands this security notice, disable the notice with: /csc notice whitelistid off
Control mod id whitelist mode: /csc mode whitelistid on|off
Open config/CSC/config.toml for more detailed configuration.
2026-07-24 17:26:14 [INFO] CSC close completely, thanks for using!
2026-07-24 18:08:56 [INFO] CSC is loading...   Success！
2026-07-24 20:51:28 [INFO]    _____  _____  _____ 
2026-07-24 20:51:28 [INFO]   / ____|/ ____|/ ____|
2026-07-24 20:51:28 [INFO]  | |    | (___ | |        [CSC] Version: v1.21.27
2026-07-24 20:51:28 [INFO]  | |     \___ \| |        Minecraft Version: 1.21.1 neoforge
2026-07-24 20:51:28 [INFO]  | |____ ____) | |____    Problem/Feedback: Discord: https://discord.gg/rQV5JPauY7
2026-07-24 20:51:28 [INFO]   \_____|_____/ \_____|
2026-07-24 20:51:28 [INFO]                        
2026-07-24 20:51:28 [INFO] Security notice: Mod id whitelist mode is enabled. This feature restricts printing blocks from mods outside the whitelist to reduce the risk of blueprint vulnerabilities from unknown mods.
If the administrator already understands this security notice, disable the notice with: /csc notice whitelistid off
Control mod id whitelist mode: /csc mode whitelistid on|off
Open config/CSC/config.toml for more detailed configuration.
2026-07-24 20:52:53 [INFO] thread run！goal =》./schematics/uploaded/BumBood_FT/create_6_0_iron_farm_1366_f7fch2ei6i (1).nbt
2026-07-24 20:52:53 [INFO] Meow, output schematic item list!
2026-07-24 20:52:53 [INFO] ID: create:framed_glass_trapdoor, Count: 16
2026-07-24 20:52:53 [INFO] ID: create:basin, Count: 2
2026-07-24 20:52:53 [INFO] ID: create:drill, Count: 20
2026-07-24 20:52:53 [INFO] ID: create:crushing_wheel, Count: 4
2026-07-24 20:52:53 [INFO] ID: create:brass_belt_funnel, Count: 2
2026-07-24 20:52:53 [INFO] ID: minecraft:barrel, Count: 1
2026-07-24 20:52:53 [INFO] ID: minecraft:smooth_stone, Count: 4
2026-07-24 20:52:53 [INFO] ID: minecraft:oak_leaves, Count: 2
2026-07-24 20:52:53 [INFO] ID: create:rotation_speed_controller, Count: 1
2026-07-24 20:52:53 [INFO] ID: create:item_vault, Count: 53
2026-07-24 20:52:53 [INFO] ID: minecraft:lava_cauldron, Count: 2
2026-07-24 20:52:53 [INFO] ID: minecraft:cobblestone, Count: 10
2026-07-24 20:52:53 [INFO] ID: minecraft:grass_block, Count: 1
2026-07-24 20:52:53 [INFO] ID: create:depot, Count: 2
2026-07-24 20:52:53 [INFO] ID: create:gearbox, Count: 10
2026-07-24 20:52:53 [INFO] ID: minecraft:lava, Count: 15
2026-07-24 20:52:53 [INFO] ID: create:encased_shaft, Count: 38
2026-07-24 20:52:53 [INFO] ID: create:encased_fan, Count: 2
2026-07-24 20:52:53 [INFO] ID: create:brass_funnel, Count: 8
2026-07-24 20:52:53 [INFO] ID: create:crushing_wheel_controller, Count: 2
2026-07-24 20:52:53 [INFO] ID: create:andesite_funnel, Count: 10
2026-07-24 20:52:53 [INFO] ID: create:mechanical_press, Count: 2
2026-07-24 20:52:53 [INFO] ID: create:simple_kinetic, Count: 10
2026-07-24 20:52:53 [INFO] bibi~ scan success time consume：68 ms
2026-07-24 20:59:47 [INFO] CSC close completely, thanks for using!
2026-07-24 23:17:18 [INFO] CSC is loading...   Success！
2026-07-25 11:48:18 [INFO] CSC is loading...   Success！
2026-07-25 20:29:45 [INFO]    _____  _____  _____ 
2026-07-25 20:29:45 [INFO]   / ____|/ ____|/ ____|
2026-07-25 20:29:45 [INFO]  | |    | (___ | |        [CSC] Version: v1.21.27
2026-07-25 20:29:45 [INFO]  | |     \___ \| |        Minecraft Version: 1.21.1 neoforge
2026-07-25 20:29:45 [INFO]  | |____ ____) | |____    Problem/Feedback: Discord: https://discord.gg/rQV5JPauY7
2026-07-25 20:29:45 [INFO]   \_____|_____/ \_____|
2026-07-25 20:29:45 [INFO]                        
2026-07-25 20:29:45 [INFO] Security notice: Mod id whitelist mode is enabled. This feature restricts printing blocks from mods outside the whitelist to reduce the risk of blueprint vulnerabilities from unknown mods.
If the administrator already understands this security notice, disable the notice with: /csc notice whitelistid off
Control mod id whitelist mode: /csc mode whitelistid on|off
Open config/CSC/config.toml for more detailed configuration.
2026-07-25 20:51:22 [INFO] CSC close completely, thanks for using!
2026-07-25 22:44:55 [INFO]    _____  _____  _____ 
2026-07-25 22:44:55 [INFO]   / ____|/ ____|/ ____|
2026-07-25 22:44:55 [INFO]  | |    | (___ | |        [CSC] Version: v1.21.27
2026-07-25 22:44:55 [INFO]  | |     \___ \| |        Minecraft Version: 1.21.1 neoforge
2026-07-25 22:44:55 [INFO]  | |____ ____) | |____    Problem/Feedback: Discord: https://discord.gg/rQV5JPauY7
2026-07-25 22:44:55 [INFO]   \_____|_____/ \_____|
2026-07-25 22:44:55 [INFO]                        
2026-07-25 22:44:55 [INFO] Security notice: Mod id whitelist mode is enabled. This feature restricts printing blocks from mods outside the whitelist to reduce the risk of blueprint vulnerabilities from unknown mods.
If the administrator already understands this security notice, disable the notice with: /csc notice whitelistid off
Control mod id whitelist mode: /csc mode whitelistid on|off
Open config/CSC/config.toml for more detailed configuration.
2026-07-25 22:45:25 [INFO] thread run！goal =》./schematics/uploaded/BumBood_FT/andalloyfarm_1.nbt
2026-07-25 22:45:25 [INFO] Meow, output schematic item list!
2026-07-25 22:45:25 [INFO] ID: sophisticatedstorage:limited_barrel, Count: 6
2026-07-25 22:45:25 [INFO] ID: create:crushing_wheel, Count: 4
2026-07-25 22:45:25 [INFO] ID: create:brass_belt_funnel, Count: 9
2026-07-25 22:45:25 [INFO] ID: minecraft:dirt, Count: 4
2026-07-25 22:45:25 [INFO] ID: create_connected:parallel_gearbox, Count: 1
2026-07-25 22:45:25 [INFO] ID: create:belt, Count: 63
2026-07-25 22:45:25 [INFO] ID: create:item_vault, Count: 20
2026-07-25 22:45:25 [INFO] ID: create_connected:fan_splashing_catalyst, Count: 2
2026-07-25 22:45:25 [INFO] ID: minecraft:lava_cauldron, Count: 1
2026-07-25 22:45:25 [INFO] ID: create:mechanical_mixer, Count: 2
2026-07-25 22:45:25 [INFO] ID: create:chute, Count: 9
2026-07-25 22:45:25 [INFO] ID: create:depot, Count: 2
2026-07-25 22:45:25 [INFO] ID: create:encased_shaft, Count: 2
2026-07-25 22:45:25 [INFO] ID: create:crushing_wheel_controller, Count: 4
2026-07-25 22:45:25 [INFO] ID: dndesires:industrial_fan, Count: 4
2026-07-25 22:45:25 [INFO] ID: create:basin, Count: 2
2026-07-25 22:45:25 [INFO] ID: create:drill, Count: 8
2026-07-25 22:45:25 [INFO] ID: create_connected:fan_haunting_catalyst, Count: 2
2026-07-25 22:45:25 [INFO] ID: create:brass_tunnel, Count: 3
2026-07-25 22:45:25 [INFO] ID: create:gearbox, Count: 12
2026-07-25 22:45:25 [INFO] ID: minecraft:stone, Count: 8
2026-07-25 22:45:25 [INFO] ID: minecraft:lava, Count: 8
2026-07-25 22:45:25 [INFO] ID: dndecor:industrial_plating_block, Count: 142
2026-07-25 22:45:25 [INFO] ID: create:brass_funnel, Count: 1
2026-07-25 22:45:25 [INFO] ID: create:mechanical_crafter, Count: 5
2026-07-25 22:45:25 [INFO] ID: create:mechanical_arm, Count: 2
2026-07-25 22:45:25 [INFO] ID: create:simple_kinetic, Count: 29
2026-07-25 22:45:25 [INFO] bibi~ scan success time consume：124 ms
2026-07-25 23:16:06 [INFO] CSC close completely, thanks for using!
2026-07-26 00:11:29 [INFO]    _____  _____  _____ 
2026-07-26 00:11:29 [INFO]   / ____|/ ____|/ ____|
2026-07-26 00:11:29 [INFO]  | |    | (___ | |        [CSC] Version: v1.21.27
2026-07-26 00:11:29 [INFO]  | |     \___ \| |        Minecraft Version: 1.21.1 neoforge
2026-07-26 00:11:29 [INFO]  | |____ ____) | |____    Problem/Feedback: Discord: https://discord.gg/rQV5JPauY7
2026-07-26 00:11:29 [INFO]   \_____|_____/ \_____|
2026-07-26 00:11:29 [INFO]                        
2026-07-26 00:11:29 [INFO] Security notice: Mod id whitelist mode is enabled. This feature restricts printing blocks from mods outside the whitelist to reduce the risk of blueprint vulnerabilities from unknown mods.
If the administrator already understands this security notice, disable the notice with: /csc notice whitelistid off
Control mod id whitelist mode: /csc mode whitelistid on|off
Open config/CSC/config.toml for more detailed configuration.
2026-07-26 00:17:21 [INFO] CSC close completely, thanks for using!
2026-07-26 11:43:11 [INFO] CSC is loading...   Success！
2026-07-26 11:46:46 [INFO]    _____  _____  _____ 
2026-07-26 11:46:46 [INFO]   / ____|/ ____|/ ____|
2026-07-26 11:46:46 [INFO]  | |    | (___ | |        [CSC] Version: v1.21.27
2026-07-26 11:46:46 [INFO]  | |     \___ \| |        Minecraft Version: 1.21.1 neoforge
2026-07-26 11:46:46 [INFO]  | |____ ____) | |____    Problem/Feedback: Discord: https://discord.gg/rQV5JPauY7
2026-07-26 11:46:46 [INFO]   \_____|_____/ \_____|
2026-07-26 11:46:46 [INFO]                        
2026-07-26 11:46:46 [INFO] Security notice: Mod id whitelist mode is enabled. This feature restricts printing blocks from mods outside the whitelist to reduce the risk of blueprint vulnerabilities from unknown mods.
If the administrator already understands this security notice, disable the notice with: /csc notice whitelistid off
Control mod id whitelist mode: /csc mode whitelistid on|off
Open config/CSC/config.toml for more detailed configuration.
2026-07-26 11:52:09 [INFO] CSC close completely, thanks for using!
2026-07-26 11:58:59 [INFO]    _____  _____  _____ 
2026-07-26 11:58:59 [INFO]   / ____|/ ____|/ ____|
2026-07-26 11:58:59 [INFO]  | |    | (___ | |        [CSC] Version: v1.21.27
2026-07-26 11:58:59 [INFO]  | |     \___ \| |        Minecraft Version: 1.21.1 neoforge
2026-07-26 11:58:59 [INFO]  | |____ ____) | |____    Problem/Feedback: Discord: https://discord.gg/rQV5JPauY7
2026-07-26 11:58:59 [INFO]   \_____|_____/ \_____|
2026-07-26 11:58:59 [INFO]                        
2026-07-26 11:58:59 [INFO] Security notice: Mod id whitelist mode is enabled. This feature restricts printing blocks from mods outside the whitelist to reduce the risk of blueprint vulnerabilities from unknown mods.
If the administrator already understands this security notice, disable the notice with: /csc notice whitelistid off
Control mod id whitelist mode: /csc mode whitelistid on|off
Open config/CSC/config.toml for more detailed configuration.
2026-07-26 12:11:01 [INFO] CSC close completely, thanks for using!
2026-07-26 12:54:03 [INFO]    _____  _____  _____ 
2026-07-26 12:54:03 [INFO]   / ____|/ ____|/ ____|
2026-07-26 12:54:03 [INFO]  | |    | (___ | |        [CSC] Version: v1.21.27
2026-07-26 12:54:03 [INFO]  | |     \___ \| |        Minecraft Version: 1.21.1 neoforge
2026-07-26 12:54:03 [INFO]  | |____ ____) | |____    Problem/Feedback: Discord: https://discord.gg/rQV5JPauY7
2026-07-26 12:54:03 [INFO]   \_____|_____/ \_____|
2026-07-26 12:54:03 [INFO]                        
2026-07-26 12:54:03 [INFO] Security notice: Mod id whitelist mode is enabled. This feature restricts printing blocks from mods outside the whitelist to reduce the risk of blueprint vulnerabilities from unknown mods.
If the administrator already understands this security notice, disable the notice with: /csc notice whitelistid off
Control mod id whitelist mode: /csc mode whitelistid on|off
Open config/CSC/config.toml for more detailed configuration.
2026-07-26 12:58:28 [INFO] CSC close completely, thanks for using!
2026-07-26 13:18:31 [INFO]    _____  _____  _____ 
2026-07-26 13:18:31 [INFO]   / ____|/ ____|/ ____|
2026-07-26 13:18:31 [INFO]  | |    | (___ | |        [CSC] Version: v1.21.27
2026-07-26 13:18:31 [INFO]  | |     \___ \| |        Minecraft Version: 1.21.1 neoforge
2026-07-26 13:18:31 [INFO]  | |____ ____) | |____    Problem/Feedback: Discord: https://discord.gg/rQV5JPauY7
2026-07-26 13:18:31 [INFO]   \_____|_____/ \_____|
2026-07-26 13:18:31 [INFO]                        
2026-07-26 13:18:31 [INFO] Security notice: Mod id whitelist mode is enabled. This feature restricts printing blocks from mods outside the whitelist to reduce the risk of blueprint vulnerabilities from unknown mods.
If the administrator already understands this security notice, disable the notice with: /csc notice whitelistid off
Control mod id whitelist mode: /csc mode whitelistid on|off
Open config/CSC/config.toml for more detailed configuration.
2026-07-26 13:24:36 [INFO] CSC close completely, thanks for using!
2026-07-26 13:27:58 [INFO]    _____  _____  _____ 
2026-07-26 13:27:58 [INFO]   / ____|/ ____|/ ____|
2026-07-26 13:27:58 [INFO]  | |    | (___ | |        [CSC] Version: v1.21.27
2026-07-26 13:27:58 [INFO]  | |     \___ \| |        Minecraft Version: 1.21.1 neoforge
2026-07-26 13:27:58 [INFO]  | |____ ____) | |____    Problem/Feedback: Discord: https://discord.gg/rQV5JPauY7
2026-07-26 13:27:58 [INFO]   \_____|_____/ \_____|
2026-07-26 13:27:58 [INFO]                        
2026-07-26 13:27:58 [INFO] Security notice: Mod id whitelist mode is enabled. This feature restricts printing blocks from mods outside the whitelist to reduce the risk of blueprint vulnerabilities from unknown mods.
If the administrator already understands this security notice, disable the notice with: /csc notice whitelistid off
Control mod id whitelist mode: /csc mode whitelistid on|off
Open config/CSC/config.toml for more detailed configuration.
2026-07-26 13:30:11 [INFO] CSC close completely, thanks for using!
2026-07-26 13:30:21 [INFO]    _____  _____  _____ 
2026-07-26 13:30:21 [INFO]   / ____|/ ____|/ ____|
2026-07-26 13:30:21 [INFO]  | |    | (___ | |        [CSC] Version: v1.21.27
2026-07-26 13:30:21 [INFO]  | |     \___ \| |        Minecraft Version: 1.21.1 neoforge
2026-07-26 13:30:21 [INFO]  | |____ ____) | |____    Problem/Feedback: Discord: https://discord.gg/rQV5JPauY7
2026-07-26 13:30:21 [INFO]   \_____|_____/ \_____|
2026-07-26 13:30:21 [INFO]                        
2026-07-26 13:30:21 [INFO] Security notice: Mod id whitelist mode is enabled. This feature restricts printing blocks from mods outside the whitelist to reduce the risk of blueprint vulnerabilities from unknown mods.
If the administrator already understands this security notice, disable the notice with: /csc notice whitelistid off
Control mod id whitelist mode: /csc mode whitelistid on|off
Open config/CSC/config.toml for more detailed configuration.
2026-07-26 13:31:02 [INFO] CSC close completely, thanks for using!
2026-07-26 14:39:45 [INFO] CSC is loading...   Success！
2026-07-26 19:43:45 [INFO]    _____  _____  _____ 
2026-07-26 19:43:45 [INFO]   / ____|/ ____|/ ____|
2026-07-26 19:43:45 [INFO]  | |    | (___ | |        [CSC] Version: v1.21.27
2026-07-26 19:43:45 [INFO]  | |     \___ \| |        Minecraft Version: 1.21.1 neoforge
2026-07-26 19:43:45 [INFO]  | |____ ____) | |____    Problem/Feedback: Discord: https://discord.gg/rQV5JPauY7
2026-07-26 19:43:45 [INFO]   \_____|_____/ \_____|
2026-07-26 19:43:45 [INFO]                        
2026-07-26 19:43:45 [INFO] Security notice: Mod id whitelist mode is enabled. This feature restricts printing blocks from mods outside the whitelist to reduce the risk of blueprint vulnerabilities from unknown mods.
If the administrator already understands this security notice, disable the notice with: /csc notice whitelistid off
Control mod id whitelist mode: /csc mode whitelistid on|off
Open config/CSC/config.toml for more detailed configuration.
2026-07-26 21:17:45 [INFO] CSC close completely, thanks for using!
2026-07-26 21:19:29 [INFO] CSC is loading...   Success！
2026-07-26 21:20:38 [INFO]    _____  _____  _____ 
2026-07-26 21:20:38 [INFO]   / ____|/ ____|/ ____|
2026-07-26 21:20:38 [INFO]  | |    | (___ | |        [CSC] Version: v1.21.27
2026-07-26 21:20:38 [INFO]  | |     \___ \| |        Minecraft Version: 1.21.1 neoforge
2026-07-26 21:20:38 [INFO]  | |____ ____) | |____    Problem/Feedback: Discord: https://discord.gg/rQV5JPauY7
2026-07-26 21:20:38 [INFO]   \_____|_____/ \_____|
2026-07-26 21:20:38 [INFO]                        
2026-07-26 21:20:38 [INFO] Security notice: Mod id whitelist mode is enabled. This feature restricts printing blocks from mods outside the whitelist to reduce the risk of blueprint vulnerabilities from unknown mods.
If the administrator already understands this security notice, disable the notice with: /csc notice whitelistid off
Control mod id whitelist mode: /csc mode whitelistid on|off
Open config/CSC/config.toml for more detailed configuration.
2026-07-26 21:52:16 [INFO] CSC close completely, thanks for using!
2026-07-26 21:53:37 [INFO] CSC is loading...   Success！
2026-07-26 21:59:00 [INFO]    _____  _____  _____ 
2026-07-26 21:59:00 [INFO]   / ____|/ ____|/ ____|
2026-07-26 21:59:00 [INFO]  | |    | (___ | |        [CSC] Version: v1.21.27
2026-07-26 21:59:00 [INFO]  | |     \___ \| |        Minecraft Version: 1.21.1 neoforge
2026-07-26 21:59:00 [INFO]  | |____ ____) | |____    Problem/Feedback: Discord: https://discord.gg/rQV5JPauY7
2026-07-26 21:59:00 [INFO]   \_____|_____/ \_____|
2026-07-26 21:59:00 [INFO]                        
2026-07-26 21:59:00 [INFO] Security notice: Mod id whitelist mode is enabled. This feature restricts printing blocks from mods outside the whitelist to reduce the risk of blueprint vulnerabilities from unknown mods.
If the administrator already understands this security notice, disable the notice with: /csc notice whitelistid off
Control mod id whitelist mode: /csc mode whitelistid on|off
Open config/CSC/config.toml for more detailed configuration.
2026-07-26 22:16:33 [INFO] CSC close completely, thanks for using!
2026-07-26 22:16:44 [INFO]    _____  _____  _____ 
2026-07-26 22:16:44 [INFO]   / ____|/ ____|/ ____|
2026-07-26 22:16:44 [INFO]  | |    | (___ | |        [CSC] Version: v1.21.27
2026-07-26 22:16:44 [INFO]  | |     \___ \| |        Minecraft Version: 1.21.1 neoforge
2026-07-26 22:16:44 [INFO]  | |____ ____) | |____    Problem/Feedback: Discord: https://discord.gg/rQV5JPauY7
2026-07-26 22:16:44 [INFO]   \_____|_____/ \_____|
2026-07-26 22:16:44 [INFO]                        
2026-07-26 22:16:44 [INFO] Security notice: Mod id whitelist mode is enabled. This feature restricts printing blocks from mods outside the whitelist to reduce the risk of blueprint vulnerabilities from unknown mods.
If the administrator already understands this security notice, disable the notice with: /csc notice whitelistid off
Control mod id whitelist mode: /csc mode whitelistid on|off
Open config/CSC/config.toml for more detailed configuration.
2026-07-26 22:58:47 [INFO] CSC close completely, thanks for using!
2026-07-26 23:09:50 [INFO] CSC is loading...   Success！
2026-07-27 12:22:36 [INFO] CSC is loading...   Success！
2026-07-27 15:37:55 [INFO]    _____  _____  _____ 
2026-07-27 15:37:55 [INFO]   / ____|/ ____|/ ____|
2026-07-27 15:37:55 [INFO]  | |    | (___ | |        [CSC] Version: v1.21.27
2026-07-27 15:37:55 [INFO]  | |     \___ \| |        Minecraft Version: 1.21.1 neoforge
2026-07-27 15:37:55 [INFO]  | |____ ____) | |____    Problem/Feedback: Discord: https://discord.gg/rQV5JPauY7
2026-07-27 15:37:55 [INFO]   \_____|_____/ \_____|
2026-07-27 15:37:55 [INFO]                        
2026-07-27 15:37:55 [INFO] Security notice: Mod id whitelist mode is enabled. This feature restricts printing blocks from mods outside the whitelist to reduce the risk of blueprint vulnerabilities from unknown mods.
If the administrator already understands this security notice, disable the notice with: /csc notice whitelistid off
Control mod id whitelist mode: /csc mode whitelistid on|off
Open config/CSC/config.toml for more detailed configuration.
2026-07-27 15:45:15 [INFO] CSC is loading...   Success！
2026-07-27 15:46:02 [INFO]    _____  _____  _____ 
2026-07-27 15:46:02 [INFO]   / ____|/ ____|/ ____|
2026-07-27 15:46:02 [INFO]  | |    | (___ | |        [CSC] Version: v1.21.27
2026-07-27 15:46:02 [INFO]  | |     \___ \| |        Minecraft Version: 1.21.1 neoforge
2026-07-27 15:46:02 [INFO]  | |____ ____) | |____    Problem/Feedback: Discord: https://discord.gg/rQV5JPauY7
2026-07-27 15:46:02 [INFO]   \_____|_____/ \_____|
2026-07-27 15:46:02 [INFO]                        
2026-07-27 15:46:02 [INFO] Security notice: Mod id whitelist mode is enabled. This feature restricts printing blocks from mods outside the whitelist to reduce the risk of blueprint vulnerabilities from unknown mods.
If the administrator already understands this security notice, disable the notice with: /csc notice whitelistid off
Control mod id whitelist mode: /csc mode whitelistid on|off
Open config/CSC/config.toml for more detailed configuration.
2026-07-27 21:30:48 [INFO] CSC close completely, thanks for using!
2026-07-27 22:04:41 [INFO]    _____  _____  _____ 
2026-07-27 22:04:41 [INFO]   / ____|/ ____|/ ____|
2026-07-27 22:04:41 [INFO]  | |    | (___ | |        [CSC] Version: v1.21.27
2026-07-27 22:04:41 [INFO]  | |     \___ \| |        Minecraft Version: 1.21.1 neoforge
2026-07-27 22:04:41 [INFO]  | |____ ____) | |____    Problem/Feedback: Discord: https://discord.gg/rQV5JPauY7
2026-07-27 22:04:41 [INFO]   \_____|_____/ \_____|
2026-07-27 22:04:41 [INFO]                        
2026-07-27 22:04:41 [INFO] Security notice: Mod id whitelist mode is enabled. This feature restricts printing blocks from mods outside the whitelist to reduce the risk of blueprint vulnerabilities from unknown mods.
If the administrator already understands this security notice, disable the notice with: /csc notice whitelistid off
Control mod id whitelist mode: /csc mode whitelistid on|off
Open config/CSC/config.toml for more detailed configuration.
2026-07-27 22:31:10 [INFO] CSC close completely, thanks for using!
2026-07-27 23:15:35 [INFO]    _____  _____  _____ 
2026-07-27 23:15:35 [INFO]   / ____|/ ____|/ ____|
2026-07-27 23:15:35 [INFO]  | |    | (___ | |        [CSC] Version: v1.21.27
2026-07-27 23:15:35 [INFO]  | |     \___ \| |        Minecraft Version: 1.21.1 neoforge
2026-07-27 23:15:35 [INFO]  | |____ ____) | |____    Problem/Feedback: Discord: https://discord.gg/rQV5JPauY7
2026-07-27 23:15:35 [INFO]   \_____|_____/ \_____|
2026-07-27 23:15:35 [INFO]                        
2026-07-27 23:15:35 [INFO] Security notice: Mod id whitelist mode is enabled. This feature restricts printing blocks from mods outside the whitelist to reduce the risk of blueprint vulnerabilities from unknown mods.
If the administrator already understands this security notice, disable the notice with: /csc notice whitelistid off
Control mod id whitelist mode: /csc mode whitelistid on|off
Open config/CSC/config.toml for more detailed configuration.
2026-07-27 23:16:05 [INFO] thread run！goal =》./schematics/uploaded/BumBood_FT/br_2.nbt
2026-07-27 23:16:05 [INFO] Meow, output schematic item list!
2026-07-27 23:16:05 [INFO] ID: minecraft:lever, Count: 1
2026-07-27 23:16:05 [INFO] ID: copycats:copycat, Count: 24
2026-07-27 23:16:05 [INFO] ID: create:redstone_link, Count: 13
2026-07-27 23:16:05 [INFO] ID: createpropulsion:liquid_vector_thruster_block_entity, Count: 1
2026-07-27 23:16:05 [INFO] ID: create_dragons_plus:fluid_hatch, Count: 1
2026-07-27 23:16:05 [INFO] ID: dndecor:green_dark_metal_plating, Count: 17
2026-07-27 23:16:05 [INFO] ID: simulated:linked_typewriter, Count: 1
2026-07-27 23:16:05 [INFO] ID: minecraft:polished_deepslate_slab, Count: 4
2026-07-27 23:16:05 [INFO] ID: create:fluid_tank, Count: 4
2026-07-27 23:16:05 [INFO] ID: simulated:white_symmetric_sail, Count: 63
2026-07-27 23:16:05 [INFO] ID: cbcatfix:fuzed_block_entity, Count: 11
2026-07-27 23:16:05 [INFO] ID: minecraft:sticky_piston, Count: 1
2026-07-27 23:16:05 [INFO] ID: create:fluid_pipe, Count: 5
2026-07-27 23:16:05 [INFO] ID: interiors:white_floor_chair, Count: 1
2026-07-27 23:16:05 [INFO] ID: createpropulsion:thruster_block_entity, Count: 4
2026-07-27 23:16:05 [INFO] ID: simulated:physics_assembler, Count: 1
2026-07-27 23:16:05 [INFO] bibi~ scan success time consume：101 ms
2026-07-27 23:23:15 [INFO] thread run！goal =》./schematics/uploaded/BumBood_FT/brl_1.nbt
2026-07-27 23:23:15 [INFO] Meow, output schematic item list!
2026-07-27 23:23:15 [INFO] ID: minecraft:lever, Count: 1
2026-07-27 23:23:15 [INFO] ID: copycats:copycat, Count: 24
2026-07-27 23:23:15 [INFO] ID: create:redstone_link, Count: 13
2026-07-27 23:23:15 [INFO] ID: minecraft:iron_block, Count: 6
2026-07-27 23:23:15 [INFO] ID: minecraft:tnt, Count: 14
2026-07-27 23:23:15 [INFO] ID: simulated:linked_typewriter, Count: 1
2026-07-27 23:23:15 [INFO] ID: minecraft:polished_deepslate_slab, Count: 4
2026-07-27 23:23:15 [INFO] ID: create:fluid_tank, Count: 4
2026-07-27 23:23:15 [INFO] ID: simulated:white_symmetric_sail, Count: 91
2026-07-27 23:23:15 [INFO] ID: minecraft:sticky_piston, Count: 1
2026-07-27 23:23:15 [INFO] ID: create:fluid_pipe, Count: 5
2026-07-27 23:23:15 [INFO] ID: dndecor:industrial_plating_block, Count: 13
2026-07-27 23:23:15 [INFO] ID: interiors:white_floor_chair, Count: 1
2026-07-27 23:23:15 [INFO] bibi~ scan success time consume：24 ms
2026-07-27 23:23:42 [INFO] thread run！goal =》./schematics/uploaded/BumBood_FT/br_2.nbt
2026-07-27 23:23:42 [INFO] Meow, output schematic item list!
2026-07-27 23:23:42 [INFO] ID: minecraft:lever, Count: 1
2026-07-27 23:23:42 [INFO] ID: copycats:copycat, Count: 24
2026-07-27 23:23:42 [INFO] ID: create:redstone_link, Count: 13
2026-07-27 23:23:42 [INFO] ID: createpropulsion:liquid_vector_thruster_block_entity, Count: 1
2026-07-27 23:23:42 [INFO] ID: create_dragons_plus:fluid_hatch, Count: 1
2026-07-27 23:23:42 [INFO] ID: dndecor:green_dark_metal_plating, Count: 17
2026-07-27 23:23:42 [INFO] ID: simulated:linked_typewriter, Count: 1
2026-07-27 23:23:42 [INFO] ID: minecraft:polished_deepslate_slab, Count: 4
2026-07-27 23:23:42 [INFO] ID: create:fluid_tank, Count: 4
2026-07-27 23:23:42 [INFO] ID: simulated:white_symmetric_sail, Count: 63
2026-07-27 23:23:42 [INFO] ID: cbcatfix:fuzed_block_entity, Count: 11
2026-07-27 23:23:42 [INFO] ID: minecraft:sticky_piston, Count: 1
2026-07-27 23:23:42 [INFO] ID: create:fluid_pipe, Count: 5
2026-07-27 23:23:42 [INFO] ID: interiors:white_floor_chair, Count: 1
2026-07-27 23:23:42 [INFO] ID: createpropulsion:thruster_block_entity, Count: 4
2026-07-27 23:23:42 [INFO] ID: simulated:physics_assembler, Count: 1
2026-07-27 23:23:42 [INFO] bibi~ scan success time consume：15 ms
2026-07-27 23:24:05 [INFO] thread run！goal =》./schematics/uploaded/BumBood_FT/br_1.nbt
2026-07-27 23:24:05 [INFO] Meow, output schematic item list!
2026-07-27 23:24:05 [INFO] ID: minecraft:lever, Count: 1
2026-07-27 23:24:05 [INFO] ID: copycats:copycat, Count: 24
2026-07-27 23:24:05 [INFO] ID: create:redstone_link, Count: 13
2026-07-27 23:24:05 [INFO] ID: createpropulsion:liquid_vector_thruster_block_entity, Count: 1
2026-07-27 23:24:05 [INFO] ID: create_dragons_plus:fluid_hatch, Count: 1
2026-07-27 23:24:05 [INFO] ID: dndecor:green_dark_metal_plating, Count: 17
2026-07-27 23:24:05 [INFO] ID: simulated:linked_typewriter, Count: 1
2026-07-27 23:24:05 [INFO] ID: minecraft:polished_deepslate_slab, Count: 4
2026-07-27 23:24:05 [INFO] ID: create:fluid_tank, Count: 4
2026-07-27 23:24:05 [INFO] ID: simulated:white_symmetric_sail, Count: 63
2026-07-27 23:24:05 [INFO] ID: cbcatfix:fuzed_block_entity, Count: 11
2026-07-27 23:24:05 [INFO] ID: minecraft:sticky_piston, Count: 1
2026-07-27 23:24:05 [INFO] ID: create:fluid_pipe, Count: 5
2026-07-27 23:24:05 [INFO] ID: interiors:white_floor_chair, Count: 1
2026-07-27 23:24:05 [INFO] ID: createpropulsion:thruster_block_entity, Count: 4
2026-07-27 23:24:05 [INFO] ID: simulated:physics_assembler, Count: 1
2026-07-27 23:24:05 [INFO] bibi~ scan success time consume：10 ms
2026-07-27 23:25:23 [INFO] CSC close completely, thanks for using!
2026-07-28 13:37:52 [INFO] CSC is loading...   Success！
2026-07-28 13:42:10 [INFO] CSC is loading...   Success！
2026-07-28 14:40:25 [INFO]    _____  _____  _____ 
2026-07-28 14:40:25 [INFO]   / ____|/ ____|/ ____|
2026-07-28 14:40:25 [INFO]  | |    | (___ | |        [CSC] Version: v1.21.27
2026-07-28 14:40:25 [INFO]  | |     \___ \| |        Minecraft Version: 1.21.1 neoforge
2026-07-28 14:40:25 [INFO]  | |____ ____) | |____    Problem/Feedback: Discord: https://discord.gg/rQV5JPauY7
2026-07-28 14:40:25 [INFO]   \_____|_____/ \_____|
2026-07-28 14:40:25 [INFO]                        
2026-07-28 14:40:25 [INFO] Security notice: Mod id whitelist mode is enabled. This feature restricts printing blocks from mods outside the whitelist to reduce the risk of blueprint vulnerabilities from unknown mods.
If the administrator already understands this security notice, disable the notice with: /csc notice whitelistid off
Control mod id whitelist mode: /csc mode whitelistid on|off
Open config/CSC/config.toml for more detailed configuration.
2026-07-28 14:46:52 [INFO] CSC close completely, thanks for using!
2026-07-28 15:01:41 [INFO] CSC is loading...   Success！
2026-07-28 19:30:23 [INFO]    _____  _____  _____ 
2026-07-28 19:30:23 [INFO]   / ____|/ ____|/ ____|
2026-07-28 19:30:23 [INFO]  | |    | (___ | |        [CSC] Version: v1.21.27
2026-07-28 19:30:23 [INFO]  | |     \___ \| |        Minecraft Version: 1.21.1 neoforge
2026-07-28 19:30:23 [INFO]  | |____ ____) | |____    Problem/Feedback: Discord: https://discord.gg/rQV5JPauY7
2026-07-28 19:30:23 [INFO]   \_____|_____/ \_____|
2026-07-28 19:30:23 [INFO]                        
2026-07-28 19:30:23 [INFO] Security notice: Mod id whitelist mode is enabled. This feature restricts printing blocks from mods outside the whitelist to reduce the risk of blueprint vulnerabilities from unknown mods.
If the administrator already understands this security notice, disable the notice with: /csc notice whitelistid off
Control mod id whitelist mode: /csc mode whitelistid on|off
Open config/CSC/config.toml for more detailed configuration.
2026-07-28 19:31:44 [INFO] thread run！goal =》./schematics/uploaded/BumBood_FT/brl-21.nbt
2026-07-28 19:31:44 [INFO] Meow, output schematic item list!
2026-07-28 19:31:44 [INFO] ID: minecraft:lever, Count: 1
2026-07-28 19:31:44 [INFO] ID: copycats:copycat, Count: 24
2026-07-28 19:31:44 [INFO] ID: createpropulsion:liquid_vector_thruster_block_entity, Count: 1
2026-07-28 19:31:44 [INFO] ID: create:redstone_link, Count: 10
2026-07-28 19:31:44 [INFO] ID: minecraft:iron_block, Count: 6
2026-07-28 19:31:44 [INFO] ID: minecraft:tnt, Count: 14
2026-07-28 19:31:44 [INFO] ID: simulated:linked_typewriter, Count: 1
2026-07-28 19:31:44 [INFO] ID: minecraft:polished_deepslate_slab, Count: 4
2026-07-28 19:31:44 [INFO] ID: create:fluid_tank, Count: 4
2026-07-28 19:31:44 [INFO] ID: simulated:white_symmetric_sail, Count: 91
2026-07-28 19:31:44 [INFO] ID: minecraft:sticky_piston, Count: 1
2026-07-28 19:31:44 [INFO] ID: create:fluid_pipe, Count: 5
2026-07-28 19:31:44 [INFO] ID: dndecor:industrial_plating_block, Count: 13
2026-07-28 19:31:44 [INFO] ID: interiors:white_floor_chair, Count: 1
2026-07-28 19:31:44 [INFO] ID: minecraft:air, Count: 1510
2026-07-28 19:31:44 [INFO] ID: createpropulsion:thruster_block_entity, Count: 4
2026-07-28 19:31:44 [INFO] bibi~ scan success time consume：79 ms
2026-07-28 19:35:25 [INFO] thread run！goal =》./schematics/uploaded/BumBood_FT/brl_3.nbt
2026-07-28 19:35:25 [INFO] Meow, output schematic item list!
2026-07-28 19:35:25 [INFO] bibi~ scan success time consume：10 ms
2026-07-28 19:43:27 [INFO] thread run！goal =》./schematics/uploaded/BumBood_FT/brl_3_1.nbt
2026-07-28 19:43:27 [INFO] Meow, output schematic item list!
2026-07-28 19:43:27 [INFO] bibi~ scan success time consume：4 ms
2026-07-28 19:43:44 [INFO] thread run！goal =》./schematics/uploaded/BumBood_FT/brl_3.nbt
2026-07-28 19:43:44 [INFO] Meow, output schematic item list!
2026-07-28 19:43:44 [INFO] bibi~ scan success time consume：6 ms
2026-07-28 19:54:14 [INFO] thread run！goal =》./schematics/uploaded/BumBood_FT/br_1_p.nbt
2026-07-28 19:54:14 [INFO] Meow, output schematic item list!
2026-07-28 19:54:14 [INFO] bibi~ scan success time consume：8 ms
2026-07-28 19:54:32 [INFO] thread run！goal =》./schematics/uploaded/BumBood_FT/br_1_p.nbt
2026-07-28 19:54:32 [INFO] Meow, output schematic item list!
2026-07-28 19:54:32 [INFO] bibi~ scan success time consume：5 ms
2026-07-28 19:54:50 [INFO] thread run！goal =》./schematics/uploaded/BumBood_FT/br_1_p.nbt
2026-07-28 19:54:50 [INFO] Meow, output schematic item list!
2026-07-28 19:54:50 [INFO] bibi~ scan success time consume：6 ms
2026-07-28 19:55:22 [INFO] CSC close completely, thanks for using!
2026-07-28 19:55:45 [INFO]    _____  _____  _____ 
2026-07-28 19:55:45 [INFO]   / ____|/ ____|/ ____|
2026-07-28 19:55:45 [INFO]  | |    | (___ | |        [CSC] Version: v1.21.27
2026-07-28 19:55:45 [INFO]  | |     \___ \| |        Minecraft Version: 1.21.1 neoforge
2026-07-28 19:55:45 [INFO]  | |____ ____) | |____    Problem/Feedback: Discord: https://discord.gg/rQV5JPauY7
2026-07-28 19:55:45 [INFO]   \_____|_____/ \_____|
2026-07-28 19:55:45 [INFO]                        
2026-07-28 19:55:45 [INFO] Security notice: Mod id whitelist mode is enabled. This feature restricts printing blocks from mods outside the whitelist to reduce the risk of blueprint vulnerabilities from unknown mods.
If the administrator already understands this security notice, disable the notice with: /csc notice whitelistid off
Control mod id whitelist mode: /csc mode whitelistid on|off
Open config/CSC/config.toml for more detailed configuration.
2026-07-28 19:56:12 [INFO] thread run！goal =》./schematics/uploaded/BumBood_FT/br_1_p.nbt
2026-07-28 19:56:12 [INFO] Meow, output schematic item list!
2026-07-28 19:56:12 [INFO] bibi~ scan success time consume：8 ms
2026-07-28 19:56:24 [INFO] thread run！goal =》./schematics/uploaded/BumBood_FT/br_1_p.nbt
2026-07-28 19:56:24 [INFO] Meow, output schematic item list!
2026-07-28 19:56:24 [INFO] bibi~ scan success time consume：5 ms
2026-07-28 20:30:24 [INFO] CSC close completely, thanks for using!
2026-07-28 20:34:43 [INFO] CSC is loading...   Success！
2026-07-28 20:38:54 [INFO]    _____  _____  _____ 
2026-07-28 20:38:54 [INFO]   / ____|/ ____|/ ____|
2026-07-28 20:38:54 [INFO]  | |    | (___ | |        [CSC] Version: v1.21.27
2026-07-28 20:38:54 [INFO]  | |     \___ \| |        Minecraft Version: 1.21.1 neoforge
2026-07-28 20:38:54 [INFO]  | |____ ____) | |____    Problem/Feedback: Discord: https://discord.gg/rQV5JPauY7
2026-07-28 20:38:54 [INFO]   \_____|_____/ \_____|
2026-07-28 20:38:54 [INFO]                        
2026-07-28 20:38:54 [INFO] Security notice: Mod id whitelist mode is enabled. This feature restricts printing blocks from mods outside the whitelist to reduce the risk of blueprint vulnerabilities from unknown mods.
If the administrator already understands this security notice, disable the notice with: /csc notice whitelistid off
Control mod id whitelist mode: /csc mode whitelistid on|off
Open config/CSC/config.toml for more detailed configuration.
2026-07-28 20:40:36 [INFO] CSC close completely, thanks for using!
2026-07-29 20:41:14 [INFO] CSC is loading...   Success！
